data,produto,ano,mes,periodo_mes,dia_da_semana,preco_concorrente,preco_praticado,historico_vendas_7d,historico_vendas_30d,estoque,demanda
2023-01-01,Vergalhão de Aço,2023,1,Inicio_Mes,6,54.54,59.53,180.0,180.0,1408,43
2023-01-02,Vergalhão de Aço,2023,1,Inicio_Mes,0,53.84,46.8,180.0,180.0,1769,302
2023-01-03,Vergalhão de Aço,2023,1,Inicio_Mes,1,55.89,47.89,180.0,180.0,1909,325
2023-01-04,Vergalhão de Aço,2023,1,Inicio_Mes,2,53.76,48.92,180.0,180.0,847,267
2023-01-05,Vergalhão de Aço,2023,1,Inicio_Mes,3,54.62,54.21,180.0,180.0,993,154
2023-01-06,Vergalhão de Aço,2023,1,Inicio_Mes,4,53.35,50.49,180.0,180.0,1094,206
2023-01-07,Vergalhão de Aço,2023,1,Inicio_Mes,5,56.12,51.4,180.0,180.0,1294,80
2023-01-08,Vergalhão de Aço,2023,1,Inicio_Mes,6,54.04,56.77,196.7,180.0,830,51
2023-01-09,Vergalhão de Aço,2023,1,Inicio_Mes,0,54.06,58.16,197.9,180.0,1194,142
2023-01-10,Vergalhão de Aço,2023,1,Inicio_Mes,1,54.78,47.18,175.0,180.0,1827,304
2023-01-11,Vergalhão de Aço,2023,1,Meio_Mes,2,55.77,53.14,172.0,180.0,1302,162
2023-01-12,Vergalhão de Aço,2023,1,Meio_Mes,3,53.53,62.63,157.0,180.0,1646,72
2023-01-13,Vergalhão de Aço,2023,1,Meio_Mes,4,55.85,49.1,145.3,180.0,864,200
2023-01-14,Vergalhão de Aço,2023,1,Meio_Mes,5,55.01,53.81,144.4,180.0,966,48
2023-01-15,Vergalhão de Aço,2023,1,Meio_Mes,6,54.72,51.59,139.9,180.0,1332,67
2023-01-16,Vergalhão de Aço,2023,1,Meio_Mes,0,55.64,48.66,142.1,180.0,1932,226
2023-01-17,Vergalhão de Aço,2023,1,Meio_Mes,1,54.64,46.54,154.1,180.0,1700,255
2023-01-18,Vergalhão de Aço,2023,1,Meio_Mes,2,56.56,62.47,147.1,180.0,699,107
2023-01-19,Vergalhão de Aço,2023,1,Meio_Mes,3,54.62,61.98,139.3,180.0,1441,76
2023-01-20,Vergalhão de Aço,2023,1,Meio_Mes,4,55.08,52.47,139.9,180.0,1038,151
2023-01-21,Vergalhão de Aço,2023,1,Fim_Mes,5,56.55,64.62,132.9,180.0,1237,35
2023-01-22,Vergalhão de Aço,2023,1,Fim_Mes,6,56.13,61.8,131.0,180.0,1357,20
2023-01-23,Vergalhão de Aço,2023,1,Fim_Mes,0,55.77,57.02,124.3,180.0,1177,122
2023-01-24,Vergalhão de Aço,2023,1,Fim_Mes,1,55.97,53.38,109.4,180.0,1286,136
2023-01-25,Vergalhão de Aço,2023,1,Fim_Mes,2,55.7,54.89,92.4,180.0,1619,127
2023-01-26,Vergalhão de Aço,2023,1,Fim_Mes,3,55.13,63.77,95.3,180.0,1690,54
2023-01-27,Vergalhão de Aço,2023,1,Fim_Mes,4,57.05,63.62,92.1,180.0,851,71
2023-01-28,Vergalhão de Aço,2023,1,Fim_Mes,5,56.22,62.77,80.7,180.0,1809,33
2023-01-29,Vergalhão de Aço,2023,1,Fim_Mes,6,55.41,51.27,80.4,180.0,1176,46
2023-01-30,Vergalhão de Aço,2023,1,Fim_Mes,0,56.54,48.19,84.1,180.0,1289,201
2023-01-31,Vergalhão de Aço,2023,1,Fim_Mes,1,54.74,48.69,95.4,136.1,1055,170
2023-02-01,Vergalhão de Aço,2023,2,Inicio_Mes,2,56.15,57.34,100.3,140.3,1549,193
2023-02-02,Vergalhão de Aço,2023,2,Inicio_Mes,3,56.64,66.13,109.7,136.7,939,97
2023-02-03,Vergalhão de Aço,2023,2,Inicio_Mes,4,54.33,51.29,115.9,129.1,649,214
2023-02-04,Vergalhão de Aço,2023,2,Inicio_Mes,5,56.51,48.99,136.3,127.3,976,127
2023-02-05,Vergalhão de Aço,2023,2,Inicio_Mes,6,56.27,50.52,149.7,126.4,1260,97
2023-02-06,Vergalhão de Aço,2023,2,Inicio_Mes,0,57.75,53.62,157.0,122.8,1583,270
2023-02-07,Vergalhão de Aço,2023,2,Inicio_Mes,1,58.06,61.49,166.9,129.1,1323,152
2023-02-08,Vergalhão de Aço,2023,2,Inicio_Mes,2,55.51,47.93,164.3,132.5,1397,328
2023-02-09,Vergalhão de Aço,2023,2,Inicio_Mes,3,54.93,58.39,183.6,138.7,835,143
2023-02-10,Vergalhão de Aço,2023,2,Inicio_Mes,4,55.63,64.48,190.1,133.3,785,114
2023-02-11,Vergalhão de Aço,2023,2,Meio_Mes,5,55.8,64.46,175.9,131.7,1784,26
2023-02-12,Vergalhão de Aço,2023,2,Meio_Mes,6,57.54,64.43,161.4,130.2,1349,22
2023-02-13,Vergalhão de Aço,2023,2,Meio_Mes,0,54.94,48.39,150.7,124.3,1811,243
2023-02-14,Vergalhão de Aço,2023,2,Meio_Mes,1,56.97,54.8,146.9,130.8,1071,187
2023-02-15,Vergalhão de Aço,2023,2,Meio_Mes,2,57.26,65.43,151.9,134.8,1652,96
2023-02-16,Vergalhão de Aço,2023,2,Meio_Mes,3,55.96,50.55,118.7,130.4,1813,198
2023-02-17,Vergalhão de Aço,2023,2,Meio_Mes,4,57.02,48.56,126.6,128.5,817,228
2023-02-18,Vergalhão de Aço,2023,2,Meio_Mes,5,58.71,62.53,142.9,132.6,902,44
2023-02-19,Vergalhão de Aço,2023,2,Meio_Mes,6,55.64,53.27,145.4,131.5,1607,66
2023-02-20,Vergalhão de Aço,2023,2,Meio_Mes,0,57.73,61.6,151.7,128.7,1367,127
2023-02-21,Vergalhão de Aço,2023,2,Fim_Mes,1,56.41,52.89,135.1,131.7,929,150
2023-02-22,Vergalhão de Aço,2023,2,Fim_Mes,2,56.58,64.75,129.9,136.1,1452,78
2023-02-23,Vergalhão de Aço,2023,2,Fim_Mes,3,56.66,58.95,127.3,134.6,1264,109
2023-02-24,Vergalhão de Aço,2023,2,Fim_Mes,4,57.31,54.02,114.6,133.7,632,124
2023-02-25,Vergalhão de Aço,2023,2,Fim_Mes,5,55.45,64.34,99.7,133.6,1887,27
2023-02-26,Vergalhão de Aço,2023,2,Fim_Mes,6,56.34,48.18,97.3,132.7,1853,74
2023-02-27,Vergalhão de Aço,2023,2,Fim_Mes,0,57.07,66.66,98.4,132.8,1751,68
2023-02-28,Vergalhão de Aço,2023,2,Fim_Mes,1,55.61,62.89,90.0,134.0,1027,65
2023-03-01,Vergalhão de Aço,2023,3,Inicio_Mes,2,56.72,65.73,77.9,134.6,1539,125
2023-03-02,Vergalhão de Aço,2023,3,Inicio_Mes,3,55.5,58.44,84.6,132.1,1936,177
2023-03-03,Vergalhão de Aço,2023,3,Inicio_Mes,4,56.48,64.36,94.3,132.3,1600,118
2023-03-04,Vergalhão de Aço,2023,3,Inicio_Mes,5,57.54,55.74,93.4,129.8,996,96
2023-03-05,Vergalhão de Aço,2023,3,Inicio_Mes,6,56.89,64.63,103.3,129.8,1832,52
2023-03-06,Vergalhão de Aço,2023,3,Inicio_Mes,0,56.84,63.29,100.1,124.4,1477,195
2023-03-07,Vergalhão de Aço,2023,3,Inicio_Mes,1,57.27,65.5,118.3,126.6,1056,150
2023-03-08,Vergalhão de Aço,2023,3,Inicio_Mes,2,55.35,57.61,130.4,128.4,648,201
2023-03-09,Vergalhão de Aço,2023,3,Inicio_Mes,3,58.63,55.38,141.3,126.1,1397,242
2023-03-10,Vergalhão de Aço,2023,3,Inicio_Mes,4,55.56,49.56,150.6,129.1,1305,323
2023-03-11,Vergalhão de Aço,2023,3,Meio_Mes,5,55.24,58.31,179.9,128.9,715,54
2023-03-12,Vergalhão de Aço,2023,3,Meio_Mes,6,56.0,57.59,173.9,126.0,1460,48
2023-03-13,Vergalhão de Aço,2023,3,Meio_Mes,0,53.7,59.74,173.3,123.8,965,125
2023-03-14,Vergalhão de Aço,2023,3,Meio_Mes,1,54.97,47.18,163.3,127.1,1899,308
2023-03-15,Vergalhão de Aço,2023,3,Meio_Mes,2,56.3,55.45,185.9,136.6,833,203
2023-03-16,Vergalhão de Aço,2023,3,Meio_Mes,3,55.17,56.89,186.1,135.3,1564,140
2023-03-17,Vergalhão de Aço,2023,3,Meio_Mes,4,54.25,63.21,171.6,133.7,1596,98
2023-03-18,Vergalhão de Aço,2023,3,Meio_Mes,5,57.83,57.16,139.4,133.8,934,71
2023-03-19,Vergalhão de Aço,2023,3,Meio_Mes,6,56.84,48.58,141.9,129.5,756,93
2023-03-20,Vergalhão de Aço,2023,3,Meio_Mes,0,55.87,56.23,148.3,125.0,732,186
2023-03-21,Vergalhão de Aço,2023,3,Fim_Mes,1,51.81,47.0,157.0,129.8,1185,198
2023-03-22,Vergalhão de Aço,2023,3,Fim_Mes,2,57.0,60.4,141.3,134.2,661,104
2023-03-23,Vergalhão de Aço,2023,3,Fim_Mes,3,56.71,57.62,127.1,133.4,1756,110
2023-03-24,Vergalhão de Aço,2023,3,Fim_Mes,4,54.01,47.17,122.9,132.1,1467,210
2023-03-25,Vergalhão de Aço,2023,3,Fim_Mes,5,55.06,63.88,138.9,136.5,1376,23
2023-03-26,Vergalhão de Aço,2023,3,Fim_Mes,6,56.62,56.69,132.0,133.6,1336,36
2023-03-27,Vergalhão de Aço,2023,3,Fim_Mes,0,54.66,63.8,123.9,130.7,1822,87
2023-03-28,Vergalhão de Aço,2023,3,Fim_Mes,1,55.04,48.08,109.7,132.7,1030,228
2023-03-29,Vergalhão de Aço,2023,3,Fim_Mes,2,54.01,48.01,114.0,137.8,1540,229
2023-03-30,Vergalhão de Aço,2023,3,Fim_Mes,3,55.53,60.67,131.9,143.2,1684,96
2023-03-31,Vergalhão de Aço,2023,3,Fim_Mes,4,53.57,58.8,129.9,144.2,1689,87
2023-04-01,Vergalhão de Aço,2023,4,Inicio_Mes,5,54.36,52.88,112.3,142.9,1648,104
2023-04-02,Vergalhão de Aço,2023,4,Inicio_Mes,6,54.88,62.19,123.9,140.5,1179,56
2023-04-03,Vergalhão de Aço,2023,4,Inicio_Mes,0,55.09,48.7,126.7,138.4,1818,451
2023-04-04,Vergalhão de Aço,2023,4,Inicio_Mes,1,55.52,53.06,178.7,150.3,1808,343
2023-04-05,Vergalhão de Aço,2023,4,Inicio_Mes,2,54.37,63.27,195.1,160.0,1374,161
2023-04-06,Vergalhão de Aço,2023,4,Inicio_Mes,3,53.05,50.23,185.4,158.8,1043,330
2023-04-07,Vergalhão de Aço,2023,4,Inicio_Mes,4,55.09,61.22,218.9,164.8,1665,180
2023-04-08,Vergalhão de Aço,2023,4,Inicio_Mes,5,53.74,46.7,232.1,164.1,1341,142
2023-04-09,Vergalhão de Aço,2023,4,Inicio_Mes,6,54.72,52.85,237.6,160.8,758,104
2023-04-10,Vergalhão de Aço,2023,4,Inicio_Mes,0,54.02,56.94,244.4,153.5,736,233
2023-04-11,Vergalhão de Aço,2023,4,Meio_Mes,1,53.75,46.98,213.3,159.5,1709,350
2023-04-12,Vergalhão de Aço,2023,4,Meio_Mes,2,52.89,46.44,214.3,169.5,1931,351
2023-04-13,Vergalhão de Aço,2023,4,Meio_Mes,3,51.75,57.87,241.4,177.1,1878,117
2023-04-14,Vergalhão de Aço,2023,4,Meio_Mes,4,52.45,58.03,211.0,170.7,1353,133
2023-04-15,Vergalhão de Aço,2023,4,Meio_Mes,5,54.06,47.93,204.3,168.4,1265,107
2023-04-16,Vergalhão de Aço,2023,4,Meio_Mes,6,53.03,46.06,199.3,167.3,760,112
2023-04-17,Vergalhão de Aço,2023,4,Meio_Mes,0,53.32,58.45,200.4,167.7,1387,152
2023-04-18,Vergalhão de Aço,2023,4,Meio_Mes,1,52.77,49.83,188.9,170.4,1772,279
2023-04-19,Vergalhão de Aço,2023,4,Meio_Mes,2,53.05,46.38,178.7,176.6,1347,354
2023-04-20,Vergalhão de Aço,2023,4,Meio_Mes,3,52.75,55.79,179.1,182.2,1539,165
2023-04-21,Vergalhão de Aço,2023,4,Fim_Mes,4,54.97,57.32,186.0,181.1,1816,129
2023-04-22,Vergalhão de Aço,2023,4,Fim_Mes,5,54.93,51.72,185.4,182.0,853,64
2023-04-23,Vergalhão de Aço,2023,4,Fim_Mes,6,50.2,52.34,179.3,180.4,704,44
2023-04-24,Vergalhão de Aço,2023,4,Fim_Mes,0,52.79,50.26,169.6,174.9,1698,231
2023-04-25,Vergalhão de Aço,2023,4,Fim_Mes,1,51.38,59.12,180.9,181.8,1710,109
2023-04-26,Vergalhão de Aço,2023,4,Fim_Mes,2,50.85,58.87,156.6,184.3,1769,119
2023-04-27,Vergalhão de Aço,2023,4,Fim_Mes,3,53.48,62.88,123.0,185.3,803,79
2023-04-28,Vergalhão de Aço,2023,4,Fim_Mes,4,50.29,58.84,110.7,180.4,1736,98
2023-04-29,Vergalhão de Aço,2023,4,Fim_Mes,5,51.96,51.28,106.3,176.0,969,71
2023-04-30,Vergalhão de Aço,2023,4,Fim_Mes,6,52.02,57.42,107.3,175.2,1875,40
2023-05-01,Vergalhão de Aço,2023,5,Inicio_Mes,0,51.47,51.4,106.7,173.6,774,348
2023-05-02,Vergalhão de Aço,2023,5,Inicio_Mes,1,52.03,48.15,123.4,181.7,1506,454
2023-05-03,Vergalhão de Aço,2023,5,Inicio_Mes,2,50.19,44.54,172.7,195.0,1506,527
2023-05-04,Vergalhão de Aço,2023,5,Inicio_Mes,3,53.47,54.63,231.0,197.5,1750,281
2023-05-05,Vergalhão de Aço,2023,5,Inicio_Mes,4,53.97,61.49,259.9,195.5,1144,199
2023-05-06,Vergalhão de Aço,2023,5,Inicio_Mes,5,52.39,56.7,274.3,196.7,887,94
2023-05-07,Vergalhão de Aço,2023,5,Inicio_Mes,6,52.79,51.7,277.6,188.9,1190,103
2023-05-08,Vergalhão de Aço,2023,5,Inicio_Mes,0,51.31,52.32,286.6,186.3,1657,327
2023-05-09,Vergalhão de Aço,2023,5,Inicio_Mes,1,53.32,60.5,283.6,192.5,1881,199
2023-05-10,Vergalhão de Aço,2023,5,Inicio_Mes,2,49.69,49.77,247.1,195.6,1923,341
2023-05-11,Vergalhão de Aço,2023,5,Meio_Mes,3,49.26,52.17,220.6,199.2,924,187
2023-05-12,Vergalhão de Aço,2023,5,Meio_Mes,4,51.86,47.19,207.1,193.8,1066,313
2023-05-13,Vergalhão de Aço,2023,5,Meio_Mes,5,51.36,54.97,223.4,192.5,832,74
2023-05-14,Vergalhão de Aço,2023,5,Meio_Mes,6,50.83,46.17,220.6,191.1,719,109
2023-05-15,Vergalhão de Aço,2023,5,Meio_Mes,0,51.27,47.07,221.4,190.3,1091,346
2023-05-16,Vergalhão de Aço,2023,5,Meio_Mes,1,53.48,46.15,224.1,198.3,1679,433
2023-05-17,Vergalhão de Aço,2023,5,Meio_Mes,2,50.59,57.59,257.6,209.0,1843,163
2023-05-18,Vergalhão de Aço,2023,5,Meio_Mes,3,51.21,57.15,232.1,209.3,1610,151
2023-05-19,Vergalhão de Aço,2023,5,Meio_Mes,4,50.74,49.33,227.0,205.1,1254,252
2023-05-20,Vergalhão de Aço,2023,5,Meio_Mes,5,49.67,49.8,218.3,201.7,1609,96
2023-05-21,Vergalhão de Aço,2023,5,Fim_Mes,6,51.93,52.91,221.4,199.4,1318,66
2023-05-22,Vergalhão de Aço,2023,5,Fim_Mes,0,51.16,52.48,215.3,197.3,927,184
2023-05-23,Vergalhão de Aço,2023,5,Fim_Mes,1,50.48,43.24,192.1,201.3,1034,341
2023-05-24,Vergalhão de Aço,2023,5,Fim_Mes,2,50.61,45.02,179.0,211.2,1802,305
2023-05-25,Vergalhão de Aço,2023,5,Fim_Mes,3,53.13,59.0,199.3,213.6,1272,133
2023-05-26,Vergalhão de Aço,2023,5,Fim_Mes,4,51.4,53.64,196.7,214.4,1606,151
2023-05-27,Vergalhão de Aço,2023,5,Fim_Mes,5,50.21,47.38,182.3,215.5,1090,81
2023-05-28,Vergalhão de Aço,2023,5,Fim_Mes,6,52.35,50.65,180.1,215.6,1931,93
2023-05-29,Vergalhão de Aço,2023,5,Fim_Mes,0,49.86,44.06,184.0,215.4,806,325
2023-05-30,Vergalhão de Aço,2023,5,Fim_Mes,1,50.68,46.2,204.1,223.9,984,286
2023-05-31,Vergalhão de Aço,2023,5,Fim_Mes,2,51.46,50.71,196.3,232.1,1926,215
2023-06-01,Vergalhão de Aço,2023,6,Inicio_Mes,3,51.18,59.88,183.4,227.6,1768,174
2023-06-02,Vergalhão de Aço,2023,6,Inicio_Mes,4,50.84,46.08,189.3,218.3,1502,477
2023-06-03,Vergalhão de Aço,2023,6,Inicio_Mes,5,51.61,53.6,235.9,216.6,977,113
2023-06-04,Vergalhão de Aço,2023,6,Inicio_Mes,6,50.82,48.63,240.4,211.0,1174,148
2023-06-05,Vergalhão de Aço,2023,6,Inicio_Mes,0,49.82,44.23,248.3,209.3,1424,571
2023-06-06,Vergalhão de Aço,2023,6,Inicio_Mes,1,52.3,47.12,283.4,225.2,1249,529
2023-06-07,Vergalhão de Aço,2023,6,Inicio_Mes,2,50.95,48.97,318.1,239.4,781,436
2023-06-08,Vergalhão de Aço,2023,6,Inicio_Mes,3,52.79,49.31,349.7,243.1,1520,420
2023-06-09,Vergalhão de Aço,2023,6,Inicio_Mes,4,52.33,52.62,384.9,250.4,1155,342
2023-06-10,Vergalhão de Aço,2023,6,Inicio_Mes,5,52.43,58.94,365.6,250.5,1902,76
2023-06-11,Vergalhão de Aço,2023,6,Meio_Mes,6,52.26,60.6,360.3,246.8,844,47
2023-06-12,Vergalhão de Aço,2023,6,Meio_Mes,0,52.01,54.07,345.9,237.9,1736,253
2023-06-13,Vergalhão de Aço,2023,6,Meio_Mes,1,52.34,47.97,300.4,243.9,820,390
2023-06-14,Vergalhão de Aço,2023,6,Meio_Mes,2,52.46,56.11,280.6,253.2,1306,224
2023-06-15,Vergalhão de Aço,2023,6,Meio_Mes,3,53.04,51.95,250.3,249.2,1702,275
2023-06-16,Vergalhão de Aço,2023,6,Meio_Mes,4,49.96,50.09,229.6,243.9,1006,246
2023-06-17,Vergalhão de Aço,2023,6,Meio_Mes,5,52.25,48.42,215.9,246.7,1814,137
2023-06-18,Vergalhão de Aço,2023,6,Meio_Mes,6,53.19,61.12,224.6,246.2,1442,35
2023-06-19,Vergalhão de Aço,2023,6,Meio_Mes,0,50.77,45.49,222.9,239.0,1671,437
2023-06-20,Vergalhão de Aço,2023,6,Meio_Mes,1,53.12,60.82,249.1,250.3,1664,194
2023-06-21,Vergalhão de Aço,2023,6,Fim_Mes,2,52.02,48.48,221.1,254.6,1604,292
2023-06-22,Vergalhão de Aço,2023,6,Fim_Mes,3,52.67,58.02,230.9,258.2,1783,139
2023-06-23,Vergalhão de Aço,2023,6,Fim_Mes,4,53.79,47.69,211.4,251.5,1742,306
2023-06-24,Vergalhão de Aço,2023,6,Fim_Mes,5,52.45,58.38,220.0,251.5,802,41
2023-06-25,Vergalhão de Aço,2023,6,Fim_Mes,6,53.64,58.34,206.3,248.4,1465,46
2023-06-26,Vergalhão de Aço,2023,6,Fim_Mes,0,53.35,49.78,207.9,244.9,1066,315
2023-06-27,Vergalhão de Aço,2023,6,Fim_Mes,1,51.07,51.2,190.4,252.7,1878,246
2023-06-28,Vergalhão de Aço,2023,6,Fim_Mes,2,53.38,54.28,197.9,257.8,1425,211
2023-06-29,Vergalhão de Aço,2023,6,Fim_Mes,3,53.28,57.54,186.3,254.0,1845,161
2023-06-30,Vergalhão de Aço,2023,6,Fim_Mes,4,52.39,54.49,189.4,249.9,1419,183
2023-07-01,Vergalhão de Aço,2023,7,Inicio_Mes,5,55.05,63.77,171.9,248.8,1849,67
2023-07-02,Vergalhão de Aço,2023,7,Inicio_Mes,6,52.35,61.51,175.6,245.2,1732,66
2023-07-03,Vergalhão de Aço,2023,7,Inicio_Mes,0,53.57,55.99,178.4,231.5,1138,345
2023-07-04,Vergalhão de Aço,2023,7,Inicio_Mes,1,53.43,59.57,182.7,239.3,606,249
2023-07-05,Vergalhão de Aço,2023,7,Inicio_Mes,2,52.59,54.03,183.1,242.6,1841,343
2023-07-06,Vergalhão de Aço,2023,7,Inicio_Mes,3,52.38,57.27,202.0,235.0,1210,237
2023-07-07,Vergalhão de Aço,2023,7,Inicio_Mes,4,53.59,48.04,212.9,225.3,838,489
2023-07-08,Vergalhão de Aço,2023,7,Inicio_Mes,5,51.04,58.79,256.6,227.1,1089,73
2023-07-09,Vergalhão de Aço,2023,7,Inicio_Mes,6,56.04,47.88,257.4,215.5,1495,224
2023-07-10,Vergalhão de Aço,2023,7,Inicio_Mes,0,53.84,47.28,280.0,211.6,1945,602
2023-07-11,Vergalhão de Aço,2023,7,Meio_Mes,1,57.0,49.71,316.7,229.1,1612,482
2023-07-12,Vergalhão de Aço,2023,7,Meio_Mes,2,54.53,50.04,350.0,243.6,857,406
2023-07-13,Vergalhão de Aço,2023,7,Meio_Mes,3,54.37,56.35,359.0,248.7,688,226
2023-07-14,Vergalhão de Aço,2023,7,Meio_Mes,4,54.22,55.47,357.4,243.2,1195,260
2023-07-15,Vergalhão de Aço,2023,7,Meio_Mes,5,55.93,50.41,324.7,244.4,845,119
2023-07-16,Vergalhão de Aço,2023,7,Meio_Mes,6,53.15,56.47,331.3,239.2,1151,71
2023-07-17,Vergalhão de Aço,2023,7,Meio_Mes,0,55.77,47.9,309.4,233.4,899,515
2023-07-18,Vergalhão de Aço,2023,7,Meio_Mes,1,55.62,47.64,297.0,246.0,740,494
2023-07-19,Vergalhão de Aço,2023,7,Meio_Mes,2,54.36,57.92,298.7,261.3,921,244
2023-07-20,Vergalhão de Aço,2023,7,Meio_Mes,3,54.75,59.59,275.6,254.9,1755,191
2023-07-21,Vergalhão de Aço,2023,7,Fim_Mes,4,54.7,58.55,270.6,254.8,876,176
2023-07-22,Vergalhão de Aço,2023,7,Fim_Mes,5,55.82,47.69,258.6,250.9,715,127
2023-07-23,Vergalhão de Aço,2023,7,Fim_Mes,6,55.61,55.0,259.7,250.5,1805,70
2023-07-24,Vergalhão de Aço,2023,7,Fim_Mes,0,54.77,51.24,259.6,242.6,1112,316
2023-07-25,Vergalhão de Aço,2023,7,Fim_Mes,1,53.73,56.74,231.1,251.8,1152,204
2023-07-26,Vergalhão de Aço,2023,7,Fim_Mes,2,53.24,50.43,189.7,257.1,1880,309
2023-07-27,Vergalhão de Aço,2023,7,Fim_Mes,3,54.97,62.48,199.0,256.9,1258,134
2023-07-28,Vergalhão de Aço,2023,7,Fim_Mes,4,55.76,55.22,190.9,253.1,630,217
2023-07-29,Vergalhão de Aço,2023,7,Fim_Mes,5,56.04,59.35,196.7,253.3,948,47
2023-07-30,Vergalhão de Aço,2023,7,Fim_Mes,6,55.96,65.74,185.3,249.5,1309,40
2023-07-31,Vergalhão de Aço,2023,7,Fim_Mes,0,55.26,47.31,181.0,244.8,1834,401
2023-08-01,Vergalhão de Aço,2023,8,Inicio_Mes,1,56.12,52.78,193.1,255.9,1348,463
2023-08-02,Vergalhão de Aço,2023,8,Inicio_Mes,2,57.08,52.41,230.1,269.1,614,500
2023-08-03,Vergalhão de Aço,2023,8,Inicio_Mes,3,56.31,59.02,257.4,274.3,1497,291
2023-08-04,Vergalhão de Aço,2023,8,Inicio_Mes,4,54.1,55.25,279.9,275.7,663,293
2023-08-05,Vergalhão de Aço,2023,8,Inicio_Mes,5,56.7,49.74,290.7,274.0,1414,183
2023-08-06,Vergalhão de Aço,2023,8,Inicio_Mes,6,55.54,52.5,310.1,272.2,1080,136
2023-08-07,Vergalhão de Aço,2023,8,Inicio_Mes,0,55.19,57.23,323.9,260.5,1242,343
2023-08-08,Vergalhão de Aço,2023,8,Inicio_Mes,1,56.83,62.04,315.6,269.5,890,275
2023-08-09,Vergalhão de Aço,2023,8,Inicio_Mes,2,55.72,56.49,288.7,271.2,1405,364
2023-08-10,Vergalhão de Aço,2023,8,Inicio_Mes,3,57.63,51.01,269.3,263.2,701,494
2023-08-11,Vergalhão de Aço,2023,8,Meio_Mes,4,56.39,60.74,298.3,263.6,1187,211
2023-08-12,Vergalhão de Aço,2023,8,Meio_Mes,5,57.23,63.74,286.6,257.1,1537,57
2023-08-13,Vergalhão de Aço,2023,8,Meio_Mes,6,57.17,55.4,268.6,251.5,723,90
2023-08-14,Vergalhão de Aço,2023,8,Meio_Mes,0,56.45,51.43,262.0,245.8,1331,409
2023-08-15,Vergalhão de Aço,2023,8,Meio_Mes,1,56.97,63.59,271.4,255.5,1489,198
2023-08-16,Vergalhão de Aço,2023,8,Meio_Mes,2,57.49,53.6,260.4,259.7,1260,378
2023-08-17,Vergalhão de Aço,2023,8,Meio_Mes,3,57.08,51.92,262.4,255.2,1366,359
2023-08-18,Vergalhão de Aço,2023,8,Meio_Mes,4,55.47,64.07,243.1,250.7,1910,157
2023-08-19,Vergalhão de Aço,2023,8,Meio_Mes,5,56.61,64.22,235.4,247.8,1740,64
2023-08-20,Vergalhão de Aço,2023,8,Meio_Mes,6,57.68,49.73,236.4,243.5,1404,149
2023-08-21,Vergalhão de Aço,2023,8,Fim_Mes,0,56.21,49.21,244.9,242.6,1539,364
2023-08-22,Vergalhão de Aço,2023,8,Fim_Mes,1,58.05,50.59,238.4,250.5,1025,364
2023-08-23,Vergalhão de Aço,2023,8,Fim_Mes,2,58.26,55.65,262.1,260.3,1444,277
2023-08-24,Vergalhão de Aço,2023,8,Fim_Mes,3,56.99,52.82,247.7,259.0,632,270
2023-08-25,Vergalhão de Aço,2023,8,Fim_Mes,4,56.79,65.87,235.0,261.2,1678,126
2023-08-26,Vergalhão de Aço,2023,8,Fim_Mes,5,56.14,56.61,230.6,255.1,1447,86
2023-08-27,Vergalhão de Aço,2023,8,Fim_Mes,6,56.21,55.59,233.7,253.5,1595,91
2023-08-28,Vergalhão de Aço,2023,8,Fim_Mes,0,56.23,54.38,225.4,249.3,987,261
2023-08-29,Vergalhão de Aço,2023,8,Fim_Mes,1,55.59,48.02,210.7,256.5,624,365
2023-08-30,Vergalhão de Aço,2023,8,Fim_Mes,2,56.62,55.31,210.9,267.3,1517,257
2023-08-31,Vergalhão de Aço,2023,8,Fim_Mes,3,57.7,67.03,208.0,262.5,1230,113
2023-09-01,Vergalhão de Aço,2023,9,Inicio_Mes,4,55.41,65.22,185.6,250.8,912,163
2023-09-02,Vergalhão de Aço,2023,9,Inicio_Mes,5,56.78,59.65,190.9,239.6,1292,96
2023-09-03,Vergalhão de Aço,2023,9,Inicio_Mes,6,55.88,51.56,192.3,233.1,851,140
2023-09-04,Vergalhão de Aço,2023,9,Inicio_Mes,0,55.85,48.54,199.3,228.0,1908,561
2023-09-05,Vergalhão de Aço,2023,9,Inicio_Mes,1,58.04,62.67,242.1,240.6,807,251
2023-09-06,Vergalhão de Aço,2023,9,Inicio_Mes,2,55.88,51.63,225.9,244.4,1324,458
2023-09-07,Vergalhão de Aço,2023,9,Inicio_Mes,3,58.11,51.15,254.6,248.3,1784,482
2023-09-08,Vergalhão de Aço,2023,9,Inicio_Mes,4,55.73,63.72,307.3,255.2,1890,177
2023-09-09,Vergalhão de Aço,2023,9,Inicio_Mes,5,56.66,60.41,309.3,248.9,1343,90
2023-09-10,Vergalhão de Aço,2023,9,Inicio_Mes,6,56.12,54.6,308.4,235.5,950,114
2023-09-11,Vergalhão de Aço,2023,9,Meio_Mes,0,56.22,49.29,304.7,232.2,897,427
2023-09-12,Vergalhão de Aço,2023,9,Meio_Mes,1,55.65,62.93,285.6,244.6,1268,167
2023-09-13,Vergalhão de Aço,2023,9,Meio_Mes,2,58.89,66.08,273.6,247.1,1069,165
2023-09-14,Vergalhão de Aço,2023,9,Meio_Mes,3,56.84,53.32,231.7,239.0,1786,307
2023-09-15,Vergalhão de Aço,2023,9,Meio_Mes,4,56.68,64.09,206.7,242.6,1770,155
2023-09-16,Vergalhão de Aço,2023,9,Meio_Mes,5,56.87,61.43,203.6,235.2,1518,68
2023-09-17,Vergalhão de Aço,2023,9,Meio_Mes,6,57.41,51.8,200.4,225.5,1789,126
2023-09-18,Vergalhão de Aço,2023,9,Meio_Mes,0,55.68,53.49,202.1,224.5,1603,306
2023-09-19,Vergalhão de Aço,2023,9,Meio_Mes,1,56.19,63.19,184.9,232.5,1285,165
2023-09-20,Vergalhão de Aço,2023,9,Meio_Mes,2,55.93,59.2,184.6,233.1,950,214
2023-09-21,Vergalhão de Aço,2023,9,Fim_Mes,3,56.35,62.4,191.6,228.1,744,145
2023-09-22,Vergalhão de Aço,2023,9,Fim_Mes,4,55.85,65.22,168.4,220.8,1061,116
2023-09-23,Vergalhão de Aço,2023,9,Fim_Mes,5,56.16,49.64,162.9,215.4,1865,104
2023-09-24,Vergalhão de Aço,2023,9,Fim_Mes,6,54.95,52.17,168.0,209.9,1556,83
2023-09-25,Vergalhão de Aço,2023,9,Fim_Mes,0,55.5,53.51,161.9,208.4,1438,234
2023-09-26,Vergalhão de Aço,2023,9,Fim_Mes,1,54.67,60.15,151.6,213.4,633,147
2023-09-27,Vergalhão de Aço,2023,9,Fim_Mes,2,56.88,61.17,149.0,215.2,1201,161
2023-09-28,Vergalhão de Aço,2023,9,Fim_Mes,3,53.55,48.41,141.4,211.9,1672,243
2023-09-29,Vergalhão de Aço,2023,9,Fim_Mes,4,53.93,47.31,155.4,207.8,1518,296
2023-09-30,Vergalhão de Aço,2023,9,Fim_Mes,5,53.56,62.33,181.1,209.1,803,45
2023-10-01,Vergalhão de Aço,2023,10,Inicio_Mes,6,55.56,54.92,172.7,206.9,1462,97
2023-10-02,Vergalhão de Aço,2023,10,Inicio_Mes,0,53.13,62.41,174.7,204.7,1152,150
2023-10-03,Vergalhão de Aço,2023,10,Inicio_Mes,1,54.43,50.09,162.7,206.5,642,384
2023-10-04,Vergalhão de Aço,2023,10,Inicio_Mes,2,53.25,60.45,196.6,214.6,1238,193
2023-10-05,Vergalhão de Aço,2023,10,Inicio_Mes,3,54.88,60.61,201.1,202.3,1740,181
2023-10-06,Vergalhão de Aço,2023,10,Inicio_Mes,4,55.12,49.24,192.3,200.0,643,381
2023-10-07,Vergalhão de Aço,2023,10,Inicio_Mes,5,54.55,60.71,204.4,197.4,1250,69
2023-10-08,Vergalhão de Aço,2023,10,Inicio_Mes,6,53.52,49.03,207.9,183.7,1263,143
2023-10-09,Vergalhão de Aço,2023,10,Inicio_Mes,0,54.3,50.98,214.4,182.5,1676,358
2023-10-10,Vergalhão de Aço,2023,10,Inicio_Mes,1,53.59,45.76,244.1,191.5,697,471
2023-10-11,Vergalhão de Aço,2023,10,Meio_Mes,2,53.49,56.06,256.6,203.4,993,167
2023-10-12,Vergalhão de Aço,2023,10,Meio_Mes,3,54.74,60.62,252.9,194.7,653,135
2023-10-13,Vergalhão de Aço,2023,10,Meio_Mes,4,52.75,49.05,246.3,193.6,1931,254
2023-10-14,Vergalhão de Aço,2023,10,Meio_Mes,5,53.7,56.6,228.1,196.6,1548,49
2023-10-15,Vergalhão de Aço,2023,10,Meio_Mes,6,53.38,51.12,225.3,188.0,1298,84
2023-10-16,Vergalhão de Aço,2023,10,Meio_Mes,0,53.26,45.85,216.9,185.6,706,360
2023-10-17,Vergalhão de Aço,2023,10,Meio_Mes,1,52.36,54.31,217.1,195.4,1530,194
2023-10-18,Vergalhão de Aço,2023,10,Meio_Mes,2,52.74,47.74,177.6,197.6,741,318
2023-10-19,Vergalhão de Aço,2023,10,Meio_Mes,3,54.78,47.13,199.1,198.0,1863,336
2023-10-20,Vergalhão de Aço,2023,10,Meio_Mes,4,53.24,57.71,227.9,203.7,1775,141
2023-10-21,Vergalhão de Aço,2023,10,Fim_Mes,5,54.06,52.01,211.7,201.3,1700,72
2023-10-22,Vergalhão de Aço,2023,10,Fim_Mes,6,54.43,54.39,215.0,198.9,1468,60
2023-10-23,Vergalhão de Aço,2023,10,Fim_Mes,0,54.8,48.06,211.6,197.0,681,277
2023-10-24,Vergalhão de Aço,2023,10,Fim_Mes,1,52.14,59.32,199.7,202.8,895,105
2023-10-25,Vergalhão de Aço,2023,10,Fim_Mes,2,53.33,56.92,187.0,203.5,1272,136
2023-10-26,Vergalhão de Aço,2023,10,Fim_Mes,3,54.55,50.48,161.0,200.2,1945,211
2023-10-27,Vergalhão de Aço,2023,10,Fim_Mes,4,52.65,48.22,143.1,202.4,1518,216
2023-10-28,Vergalhão de Aço,2023,10,Fim_Mes,5,52.25,59.38,153.9,204.2,1581,20
2023-10-29,Vergalhão de Aço,2023,10,Fim_Mes,6,51.93,50.07,146.4,196.8,1100,80
2023-10-30,Vergalhão de Aço,2023,10,Fim_Mes,0,52.63,52.35,149.3,189.6,1579,193
2023-10-31,Vergalhão de Aço,2023,10,Fim_Mes,1,53.48,61.35,137.3,194.5,1169,106
2023-11-01,Vergalhão de Aço,2023,11,Inicio_Mes,2,52.95,60.95,137.4,194.8,884,125
2023-11-02,Vergalhão de Aço,2023,11,Inicio_Mes,3,53.77,58.71,135.9,194.0,777,164
2023-11-03,Vergalhão de Aço,2023,11,Inicio_Mes,4,52.64,47.87,129.1,186.6,920,296
2023-11-04,Vergalhão de Aço,2023,11,Inicio_Mes,5,52.02,48.46,140.6,190.1,1775,109
2023-11-05,Vergalhão de Aço,2023,11,Inicio_Mes,6,52.82,51.16,153.3,187.7,1400,61
2023-11-06,Vergalhão de Aço,2023,11,Inicio_Mes,0,51.54,60.3,150.6,177.0,948,121
2023-11-07,Vergalhão de Aço,2023,11,Inicio_Mes,1,50.47,55.78,140.3,178.7,776,174
2023-11-08,Vergalhão de Aço,2023,11,Inicio_Mes,2,51.77,48.04,150.0,179.8,699,313
2023-11-09,Vergalhão de Aço,2023,11,Inicio_Mes,3,51.85,49.84,176.9,178.3,1718,233
2023-11-10,Vergalhão de Aço,2023,11,Inicio_Mes,4,50.03,52.71,186.7,170.3,1554,171
2023-11-11,Vergalhão de Aço,2023,11,Meio_Mes,5,51.29,44.22,168.9,170.5,1594,94
2023-11-12,Vergalhão de Aço,2023,11,Meio_Mes,6,51.28,57.87,166.7,169.1,1687,56
2023-11-13,Vergalhão de Aço,2023,11,Meio_Mes,0,52.7,48.37,166.0,162.5,751,249
2023-11-14,Vergalhão de Aço,2023,11,Meio_Mes,1,51.47,52.77,184.3,169.2,1864,169
2023-11-15,Vergalhão de Aço,2023,11,Meio_Mes,2,52.3,49.91,183.6,172.0,1284,218
2023-11-16,Vergalhão de Aço,2023,11,Meio_Mes,3,52.46,52.46,170.0,167.3,1296,166
2023-11-17,Vergalhão de Aço,2023,11,Meio_Mes,4,53.7,48.12,160.4,166.3,640,230
2023-11-18,Vergalhão de Aço,2023,11,Meio_Mes,5,52.61,48.22,168.9,163.4,1509,71
2023-11-19,Vergalhão de Aço,2023,11,Meio_Mes,6,50.72,57.64,165.6,154.6,839,53
2023-11-20,Vergalhão de Aço,2023,11,Meio_Mes,0,52.31,60.77,165.1,151.6,1522,108
2023-11-21,Vergalhão de Aço,2023,11,Fim_Mes,1,53.95,61.33,145.0,152.8,1370,90
2023-11-22,Vergalhão de Aço,2023,11,Fim_Mes,2,52.53,48.39,133.7,153.8,1489,208
2023-11-23,Vergalhão de Aço,2023,11,Fim_Mes,3,53.09,46.99,132.3,151.5,1488,187
2023-11-24,Vergalhão de Aço,2023,11,Fim_Mes,4,51.24,58.28,135.3,154.3,1656,83
2023-11-25,Vergalhão de Aço,2023,11,Fim_Mes,5,53.05,60.47,114.3,152.5,1145,33
2023-11-26,Vergalhão de Aço,2023,11,Fim_Mes,6,52.59,58.72,108.9,146.6,1629,20
2023-11-27,Vergalhão de Aço,2023,11,Fim_Mes,0,50.98,57.09,104.1,140.0,762,108
2023-11-28,Vergalhão de Aço,2023,11,Fim_Mes,1,51.12,48.93,104.1,143.0,1094,173
2023-11-29,Vergalhão de Aço,2023,11,Fim_Mes,2,53.03,51.88,116.0,146.1,1205,153
2023-11-30,Vergalhão de Aço,2023,11,Fim_Mes,3,50.62,46.82,108.1,144.7,698,157
2023-12-01,Vergalhão de Aço,2023,12,Inicio_Mes,4,53.1,55.99,103.9,146.4,1225,157
2023-12-02,Vergalhão de Aço,2023,12,Inicio_Mes,5,52.4,53.52,114.4,147.5,1246,57
2023-12-03,Vergalhão de Aço,2023,12,Inicio_Mes,6,49.86,51.93,117.9,143.9,1320,41
2023-12-04,Vergalhão de Aço,2023,12,Inicio_Mes,0,52.87,59.12,120.9,135.4,1569,138
2023-12-05,Vergalhão de Aço,2023,12,Inicio_Mes,1,52.22,48.58,125.1,136.4,1851,265
2023-12-06,Vergalhão de Aço,2023,12,Inicio_Mes,2,50.61,51.13,138.3,143.2,946,194
2023-12-07,Vergalhão de Aço,2023,12,Inicio_Mes,3,50.38,56.17,144.1,145.6,1327,109
2023-12-08,Vergalhão de Aço,2023,12,Inicio_Mes,4,52.48,57.01,137.3,143.5,968,117
2023-12-09,Vergalhão de Aço,2023,12,Inicio_Mes,5,50.46,45.91,131.6,136.9,1519,88
2023-12-10,Vergalhão de Aço,2023,12,Inicio_Mes,6,51.67,56.01,136.0,132.1,744,36
2023-12-11,Vergalhão de Aço,2023,12,Meio_Mes,0,49.87,58.24,135.3,127.6,1252,90
2023-12-12,Vergalhão de Aço,2023,12,Meio_Mes,1,51.88,44.84,128.4,127.5,1454,268
2023-12-13,Vergalhão de Aço,2023,12,Meio_Mes,2,51.81,58.04,128.9,134.5,1793,107
2023-12-14,Vergalhão de Aço,2023,12,Meio_Mes,3,50.97,53.6,116.4,129.8,1154,109
2023-12-15,Vergalhão de Aço,2023,12,Meio_Mes,4,50.43,55.85,116.4,127.8,970,87
2023-12-16,Vergalhão de Aço,2023,12,Meio_Mes,5,51.51,55.13,112.1,123.4,728,50
2023-12-17,Vergalhão de Aço,2023,12,Meio_Mes,6,50.98,53.2,106.7,119.6,826,62
2023-12-18,Vergalhão de Aço,2023,12,Meio_Mes,0,52.63,48.5,110.4,114.0,729,209
2023-12-19,Vergalhão de Aço,2023,12,Meio_Mes,1,52.05,54.67,127.4,118.6,1338,129
2023-12-20,Vergalhão de Aço,2023,12,Meio_Mes,2,51.46,53.84,107.6,121.1,1270,120
2023-12-21,Vergalhão de Aço,2023,12,Fim_Mes,3,51.26,50.81,109.4,121.5,1568,129
2023-12-22,Vergalhão de Aço,2023,12,Fim_Mes,4,52.81,49.67,112.3,122.8,707,150
2023-12-23,Vergalhão de Aço,2023,12,Fim_Mes,5,51.63,47.75,121.3,120.9,1079,43
2023-12-24,Vergalhão de Aço,2023,12,Fim_Mes,6,52.37,45.68,120.3,116.1,1680,57
2023-12-25,Vergalhão de Aço,2023,12,Fim_Mes,0,52.66,60.05,119.6,115.2,1478,62
2023-12-26,Vergalhão de Aço,2023,12,Fim_Mes,1,50.32,48.3,98.6,116.2,1503,148
2023-12-27,Vergalhão de Aço,2023,12,Fim_Mes,2,54.36,54.55,101.3,120.4,681,126
2023-12-28,Vergalhão de Aço,2023,12,Fim_Mes,3,53.23,48.32,102.1,121.0,1531,155
2023-12-29,Vergalhão de Aço,2023,12,Fim_Mes,4,52.89,46.64,105.9,120.4,1208,156
2023-12-30,Vergalhão de Aço,2023,12,Fim_Mes,5,51.99,55.6,106.7,120.5,1673,42
2023-12-31,Vergalhão de Aço,2023,12,Fim_Mes,6,51.69,60.87,106.6,116.7,1851,18
2024-01-01,Vergalhão de Aço,2024,1,Inicio_Mes,0,56.7,57.94,101.0,112.1,1441,177
2024-01-02,Vergalhão de Aço,2024,1,Inicio_Mes,1,55.64,49.64,117.4,116.1,1715,278
2024-01-03,Vergalhão de Aço,2024,1,Inicio_Mes,2,56.31,48.54,136.0,124.0,1009,321
2024-01-04,Vergalhão de Aço,2024,1,Inicio_Mes,3,54.71,48.09,163.9,130.1,1864,247
2024-01-05,Vergalhão de Aço,2024,1,Inicio_Mes,4,53.61,52.59,177.0,129.5,1203,184
2024-01-06,Vergalhão de Aço,2024,1,Inicio_Mes,5,56.22,64.84,181.0,129.1,1270,57
2024-01-07,Vergalhão de Aço,2024,1,Inicio_Mes,6,55.96,54.59,183.1,127.4,1785,66
2024-01-08,Vergalhão de Aço,2024,1,Inicio_Mes,0,56.26,62.49,190.0,125.7,1011,130
2024-01-09,Vergalhão de Aço,2024,1,Inicio_Mes,1,55.86,50.68,183.3,127.1,1538,259
2024-01-10,Vergalhão de Aço,2024,1,Inicio_Mes,2,56.18,59.64,180.6,134.5,1710,152
2024-01-11,Vergalhão de Aço,2024,1,Meio_Mes,3,56.21,59.02,156.4,136.6,1632,115
2024-01-12,Vergalhão de Aço,2024,1,Meio_Mes,4,56.35,55.31,137.6,131.5,797,125
2024-01-13,Vergalhão de Aço,2024,1,Meio_Mes,5,55.74,47.85,129.1,132.1,782,76
2024-01-14,Vergalhão de Aço,2024,1,Meio_Mes,6,56.59,66.14,131.9,131.0,1183,30
2024-01-15,Vergalhão de Aço,2024,1,Meio_Mes,0,56.69,56.41,126.7,129.1,742,130
2024-01-16,Vergalhão de Aço,2024,1,Meio_Mes,1,55.35,58.36,126.7,131.8,1477,126
2024-01-17,Vergalhão de Aço,2024,1,Meio_Mes,2,56.57,49.17,107.7,133.9,1943,248
2024-01-18,Vergalhão de Aço,2024,1,Meio_Mes,3,57.07,67.04,121.4,135.2,922,65
2024-01-19,Vergalhão de Aço,2024,1,Meio_Mes,4,56.3,60.71,114.3,133.1,684,93
2024-01-20,Vergalhão de Aço,2024,1,Meio_Mes,5,57.26,64.05,109.7,132.2,1430,31
2024-01-21,Vergalhão de Aço,2024,1,Fim_Mes,6,58.25,59.64,103.3,128.9,1175,21
2024-01-22,Vergalhão de Aço,2024,1,Fim_Mes,0,55.72,54.12,102.0,124.6,1159,128
2024-01-23,Vergalhão de Aço,2024,1,Fim_Mes,1,57.97,63.99,101.7,127.4,614,85
2024-01-24,Vergalhão de Aço,2024,1,Fim_Mes,2,56.79,48.63,95.9,128.4,950,173
2024-01-25,Vergalhão de Aço,2024,1,Fim_Mes,3,56.91,58.43,85.1,132.1,890,97
2024-01-26,Vergalhão de Aço,2024,1,Fim_Mes,4,57.6,51.05,89.7,130.4,1339,160
2024-01-27,Vergalhão de Aço,2024,1,Fim_Mes,5,59.05,52.1,99.3,131.5,1259,56
2024-01-28,Vergalhão de Aço,2024,1,Fim_Mes,6,57.28,62.63,102.9,128.2,1242,19
2024-01-29,Vergalhão de Aço,2024,1,Fim_Mes,0,56.32,56.41,102.6,123.6,1659,102
2024-01-30,Vergalhão de Aço,2024,1,Fim_Mes,1,57.19,61.6,98.9,125.6,1190,98
2024-01-31,Vergalhão de Aço,2024,1,Fim_Mes,2,58.79,50.72,100.7,128.3,1817,187
2024-02-01,Vergalhão de Aço,2024,2,Inicio_Mes,3,60.54,64.63,102.7,128.6,1808,135
2024-02-02,Vergalhão de Aço,2024,2,Inicio_Mes,4,59.64,52.01,108.1,123.9,1299,298
2024-02-03,Vergalhão de Aço,2024,2,Inicio_Mes,5,58.77,59.89,127.9,123.1,1518,55
2024-02-04,Vergalhão de Aço,2024,2,Inicio_Mes,6,57.91,50.59,127.7,116.7,616,101
2024-02-05,Vergalhão de Aço,2024,2,Inicio_Mes,0,56.87,54.9,139.4,113.9,1645,222
2024-02-06,Vergalhão de Aço,2024,2,Inicio_Mes,1,57.27,51.97,156.6,119.4,732,286
2024-02-07,Vergalhão de Aço,2024,2,Inicio_Mes,2,59.86,56.12,183.4,126.8,628,255
2024-02-08,Vergalhão de Aço,2024,2,Inicio_Mes,3,59.71,63.06,193.1,130.9,1115,140
2024-02-09,Vergalhão de Aço,2024,2,Inicio_Mes,4,58.28,61.37,193.9,127.0,1645,146
2024-02-10,Vergalhão de Aço,2024,2,Inicio_Mes,5,59.21,51.15,172.1,126.8,1907,126
2024-02-11,Vergalhão de Aço,2024,2,Meio_Mes,6,58.03,68.09,182.3,127.1,1412,35
2024-02-12,Vergalhão de Aço,2024,2,Meio_Mes,0,60.53,67.67,172.9,124.1,1486,107
2024-02-13,Vergalhão de Aço,2024,2,Meio_Mes,1,58.44,67.57,156.4,125.2,903,82
2024-02-14,Vergalhão de Aço,2024,2,Meio_Mes,2,57.72,57.43,127.3,126.9,1427,142
2024-02-15,Vergalhão de Aço,2024,2,Meio_Mes,3,58.7,67.08,111.1,127.3,1471,80
2024-02-16,Vergalhão de Aço,2024,2,Meio_Mes,4,59.96,68.01,102.6,125.8,1742,80
2024-02-17,Vergalhão de Aço,2024,2,Meio_Mes,5,58.84,64.67,93.1,120.2,1221,38
2024-02-18,Vergalhão de Aço,2024,2,Meio_Mes,6,59.61,65.94,80.6,119.3,1485,41
2024-02-19,Vergalhão de Aço,2024,2,Meio_Mes,0,59.3,69.67,81.4,117.5,1865,72
2024-02-20,Vergalhão de Aço,2024,2,Meio_Mes,1,59.57,66.71,76.4,118.9,888,96
2024-02-21,Vergalhão de Aço,2024,2,Fim_Mes,2,60.55,66.11,78.4,121.4,1332,90
2024-02-22,Vergalhão de Aço,2024,2,Fim_Mes,3,59.44,56.36,71.0,120.1,1362,156
2024-02-23,Vergalhão de Aço,2024,2,Fim_Mes,4,60.04,63.64,81.9,122.5,1627,92
2024-02-24,Vergalhão de Aço,2024,2,Fim_Mes,5,59.05,50.37,83.6,119.8,933,57
2024-02-25,Vergalhão de Aço,2024,2,Fim_Mes,6,58.99,65.72,86.3,118.5,875,19
2024-02-26,Vergalhão de Aço,2024,2,Fim_Mes,0,61.12,64.38,83.1,113.8,853,107
2024-02-27,Vergalhão de Aço,2024,2,Fim_Mes,1,60.6,62.59,88.1,115.5,607,102
2024-02-28,Vergalhão de Aço,2024,2,Fim_Mes,2,58.36,68.06,89.0,118.2,1096,75
2024-02-29,Vergalhão de Aço,2024,2,Fim_Mes,3,58.25,55.39,86.9,117.3,1783,128
2024-03-01,Vergalhão de Aço,2024,3,Inicio_Mes,4,61.2,69.92,82.9,118.3,1400,124
2024-03-02,Vergalhão de Aço,2024,3,Inicio_Mes,5,57.65,62.24,87.4,116.2,604,40
2024-03-03,Vergalhão de Aço,2024,3,Inicio_Mes,6,57.52,63.97,85.0,113.1,725,62
2024-03-04,Vergalhão de Aço,2024,3,Inicio_Mes,0,58.61,62.24,91.1,105.2,687,213
2024-03-05,Vergalhão de Aço,2024,3,Inicio_Mes,1,60.95,63.08,106.3,110.5,1414,231
2024-03-06,Vergalhão de Aço,2024,3,Inicio_Mes,2,60.35,56.67,124.7,114.8,1713,306
2024-03-07,Vergalhão de Aço,2024,3,Inicio_Mes,3,58.25,50.64,157.7,117.6,1051,340
2024-03-08,Vergalhão de Aço,2024,3,Inicio_Mes,4,59.94,66.55,188.0,119.4,1298,151
2024-03-09,Vergalhão de Aço,2024,3,Inicio_Mes,5,57.84,55.43,191.9,115.9,1185,88
2024-03-10,Vergalhão de Aço,2024,3,Inicio_Mes,6,59.01,61.81,198.7,114.2,1593,64
2024-03-11,Vergalhão de Aço,2024,3,Meio_Mes,0,57.91,61.38,199.0,111.5,1660,166
2024-03-12,Vergalhão de Aço,2024,3,Meio_Mes,1,58.78,66.25,192.3,112.8,1118,109
2024-03-13,Vergalhão de Aço,2024,3,Meio_Mes,2,61.12,55.67,174.9,115.3,1089,270
2024-03-14,Vergalhão de Aço,2024,3,Meio_Mes,3,59.11,56.07,169.7,120.7,1869,181
2024-03-15,Vergalhão de Aço,2024,3,Meio_Mes,4,58.39,66.45,147.0,124.0,1736,85
2024-03-16,Vergalhão de Aço,2024,3,Meio_Mes,5,59.44,59.51,137.6,122.1,1252,54
2024-03-17,Vergalhão de Aço,2024,3,Meio_Mes,6,58.79,58.45,132.7,121.2,1584,77
2024-03-18,Vergalhão de Aço,2024,3,Meio_Mes,0,58.09,61.07,134.6,121.1,782,157
2024-03-19,Vergalhão de Aço,2024,3,Meio_Mes,1,59.58,69.45,133.3,125.1,693,112
2024-03-20,Vergalhão de Aço,2024,3,Meio_Mes,2,58.54,54.81,133.7,127.5,933,231
2024-03-21,Vergalhão de Aço,2024,3,Fim_Mes,3,58.34,54.82,128.1,132.8,1625,166
2024-03-22,Vergalhão de Aço,2024,3,Fim_Mes,4,60.22,52.49,126.0,135.1,1258,205
2024-03-23,Vergalhão de Aço,2024,3,Fim_Mes,5,55.73,53.76,143.1,138.9,1814,62
2024-03-24,Vergalhão de Aço,2024,3,Fim_Mes,6,58.48,67.79,144.3,135.8,670,31
2024-03-25,Vergalhão de Aço,2024,3,Fim_Mes,0,56.57,61.73,137.7,133.8,1924,102
2024-03-26,Vergalhão de Aço,2024,3,Fim_Mes,1,59.16,54.15,129.9,135.3,1363,190
2024-03-27,Vergalhão de Aço,2024,3,Fim_Mes,2,58.72,61.7,141.0,141.0,1071,123
2024-03-28,Vergalhão de Aço,2024,3,Fim_Mes,3,57.29,64.78,125.6,141.5,1357,74
2024-03-29,Vergalhão de Aço,2024,3,Fim_Mes,4,56.9,64.52,112.4,140.6,1575,81
2024-03-30,Vergalhão de Aço,2024,3,Fim_Mes,5,58.16,59.87,94.7,140.8,710,39
2024-03-31,Vergalhão de Aço,2024,3,Fim_Mes,6,56.67,51.27,91.4,137.8,1876,41
2024-04-01,Vergalhão de Aço,2024,4,Inicio_Mes,0,58.3,58.45,92.9,135.0,1155,298
2024-04-02,Vergalhão de Aço,2024,4,Inicio_Mes,1,58.42,50.86,120.9,143.6,1291,485
2024-04-03,Vergalhão de Aço,2024,4,Inicio_Mes,2,57.43,49.8,163.0,157.7,1661,484
2024-04-04,Vergalhão de Aço,2024,4,Inicio_Mes,3,56.82,51.39,214.6,166.8,1045,356
2024-04-05,Vergalhão de Aço,2024,4,Inicio_Mes,4,57.6,52.85,254.9,170.9,1785,361
2024-04-06,Vergalhão de Aço,2024,4,Inicio_Mes,5,57.05,67.04,294.9,172.8,1642,36
2024-04-07,Vergalhão de Aço,2024,4,Inicio_Mes,6,58.28,59.9,294.4,162.6,1272,84
2024-04-08,Vergalhão de Aço,2024,4,Inicio_Mes,0,57.53,64.51,300.6,160.4,1113,182
2024-04-09,Vergalhão de Aço,2024,4,Inicio_Mes,1,57.23,54.07,284.0,163.5,1670,344
2024-04-10,Vergalhão de Aço,2024,4,Inicio_Mes,2,59.13,65.83,263.9,172.9,1134,204
2024-04-11,Vergalhão de Aço,2024,4,Meio_Mes,3,57.0,51.42,223.9,174.1,1539,289
2024-04-12,Vergalhão de Aço,2024,4,Meio_Mes,4,56.1,63.55,214.3,180.1,1823,132
2024-04-13,Vergalhão de Aço,2024,4,Meio_Mes,5,56.36,51.33,181.6,175.5,1806,96
2024-04-14,Vergalhão de Aço,2024,4,Meio_Mes,6,55.56,55.3,190.1,172.7,1430,77
2024-04-15,Vergalhão de Aço,2024,4,Meio_Mes,0,56.57,66.14,189.1,172.4,1163,135
2024-04-16,Vergalhão de Aço,2024,4,Meio_Mes,1,55.25,63.04,182.4,175.1,1177,139
2024-04-17,Vergalhão de Aço,2024,4,Meio_Mes,2,57.7,62.74,153.1,177.2,1801,188
2024-04-18,Vergalhão de Aço,2024,4,Meio_Mes,3,56.48,51.5,150.9,178.2,1758,269
2024-04-19,Vergalhão de Aço,2024,4,Meio_Mes,4,56.36,61.12,148.0,183.5,1024,158
2024-04-20,Vergalhão de Aço,2024,4,Meio_Mes,5,57.56,57.65,151.7,181.0,1083,70
2024-04-21,Vergalhão de Aço,2024,4,Fim_Mes,6,57.45,55.19,148.0,177.8,834,66
2024-04-22,Vergalhão de Aço,2024,4,Fim_Mes,0,56.84,50.2,146.4,173.2,923,278
2024-04-23,Vergalhão de Aço,2024,4,Fim_Mes,1,55.36,55.28,166.9,180.4,1610,173
2024-04-24,Vergalhão de Aço,2024,4,Fim_Mes,2,57.08,55.16,171.7,185.1,1735,217
2024-04-25,Vergalhão de Aço,2024,4,Fim_Mes,3,56.07,59.39,175.9,189.0,770,127
2024-04-26,Vergalhão de Aço,2024,4,Fim_Mes,4,54.2,58.35,155.6,186.9,694,129
2024-04-27,Vergalhão de Aço,2024,4,Fim_Mes,5,55.76,51.58,151.4,187.1,1730,73
2024-04-28,Vergalhão de Aço,2024,4,Fim_Mes,6,56.34,60.79,151.9,187.0,1292,31
2024-04-29,Vergalhão de Aço,2024,4,Fim_Mes,0,54.14,46.61,146.9,185.4,1010,291
2024-04-30,Vergalhão de Aço,2024,4,Fim_Mes,1,55.76,63.43,148.7,193.8,1634,111
2024-05-01,Vergalhão de Aço,2024,5,Inicio_Mes,2,55.81,52.23,139.9,196.1,1824,443
2024-05-02,Vergalhão de Aço,2024,5,Inicio_Mes,3,55.77,49.45,172.1,200.9,1203,472
2024-05-03,Vergalhão de Aço,2024,5,Inicio_Mes,4,56.18,57.89,221.4,200.5,1113,270
2024-05-04,Vergalhão de Aço,2024,5,Inicio_Mes,5,54.25,59.36,241.6,193.4,1839,78
2024-05-05,Vergalhão de Aço,2024,5,Inicio_Mes,6,55.58,52.6,242.3,184.1,1829,129
2024-05-06,Vergalhão de Aço,2024,5,Inicio_Mes,0,55.54,47.54,256.3,176.4,1899,583
2024-05-07,Vergalhão de Aço,2024,5,Inicio_Mes,1,53.57,60.2,298.0,194.6,980,230
2024-05-08,Vergalhão de Aço,2024,5,Inicio_Mes,2,54.97,48.48,315.0,199.5,926,541
2024-05-09,Vergalhão de Aço,2024,5,Inicio_Mes,3,54.47,51.71,329.0,211.4,1407,360
2024-05-10,Vergalhão de Aço,2024,5,Inicio_Mes,4,53.23,58.3,313.0,212.0,664,201
2024-05-11,Vergalhão de Aço,2024,5,Meio_Mes,5,55.43,63.44,303.1,211.9,850,65
2024-05-12,Vergalhão de Aço,2024,5,Meio_Mes,6,54.18,60.26,301.3,204.4,646,54
2024-05-13,Vergalhão de Aço,2024,5,Meio_Mes,0,54.31,47.3,290.6,201.8,1722,431
2024-05-14,Vergalhão de Aço,2024,5,Meio_Mes,1,53.13,46.81,268.9,213.0,1827,408
2024-05-15,Vergalhão de Aço,2024,5,Meio_Mes,2,55.22,62.95,294.3,224.0,1371,164
2024-05-16,Vergalhão de Aço,2024,5,Meio_Mes,3,51.02,48.7,240.4,225.0,1186,280
2024-05-17,Vergalhão de Aço,2024,5,Meio_Mes,4,54.59,62.48,229.0,229.7,1198,151
2024-05-18,Vergalhão de Aço,2024,5,Meio_Mes,5,55.79,58.32,221.9,228.4,1548,84
2024-05-19,Vergalhão de Aço,2024,5,Meio_Mes,6,54.01,47.77,224.6,222.3,1119,114
2024-05-20,Vergalhão de Aço,2024,5,Meio_Mes,0,56.33,65.55,233.1,220.8,1410,145
2024-05-21,Vergalhão de Aço,2024,5,Fim_Mes,1,53.89,57.08,192.3,223.3,695,184
2024-05-22,Vergalhão de Aço,2024,5,Fim_Mes,2,52.97,53.28,160.3,227.2,661,191
2024-05-23,Vergalhão de Aço,2024,5,Fim_Mes,3,53.29,62.38,164.1,224.3,1047,94
2024-05-24,Vergalhão de Aço,2024,5,Fim_Mes,4,52.16,54.85,137.6,221.7,978,154
2024-05-25,Vergalhão de Aço,2024,5,Fim_Mes,5,53.81,45.84,138.0,219.6,610,99
2024-05-26,Vergalhão de Aço,2024,5,Fim_Mes,6,53.34,59.47,140.1,218.7,1372,38
2024-05-27,Vergalhão de Aço,2024,5,Fim_Mes,0,51.56,59.68,129.3,215.6,1135,121
2024-05-28,Vergalhão de Aço,2024,5,Fim_Mes,1,53.89,47.83,125.9,217.2,1066,310
2024-05-29,Vergalhão de Aço,2024,5,Fim_Mes,2,54.85,55.56,143.9,226.5,1548,202
2024-05-30,Vergalhão de Aço,2024,5,Fim_Mes,3,52.83,52.26,145.4,223.6,1154,180
2024-05-31,Vergalhão de Aço,2024,5,Fim_Mes,4,53.92,56.65,157.7,225.9,1017,160
2024-06-01,Vergalhão de Aço,2024,6,Inicio_Mes,5,53.07,49.62,158.6,216.4,680,153
2024-06-02,Vergalhão de Aço,2024,6,Inicio_Mes,6,55.43,49.21,166.3,205.8,1118,191
2024-06-03,Vergalhão de Aço,2024,6,Inicio_Mes,0,51.18,45.55,188.1,203.2,1165,560
2024-06-04,Vergalhão de Aço,2024,6,Inicio_Mes,1,53.46,46.86,250.9,219.2,1078,595
2024-06-05,Vergalhão de Aço,2024,6,Inicio_Mes,2,53.81,57.79,291.6,234.8,1088,296
2024-06-06,Vergalhão de Aço,2024,6,Inicio_Mes,3,53.52,56.73,305.0,225.2,1832,270
2024-06-07,Vergalhão de Aço,2024,6,Inicio_Mes,4,54.72,59.59,317.9,226.5,762,244
2024-06-08,Vergalhão de Aço,2024,6,Inicio_Mes,5,52.37,44.72,329.9,216.6,1169,207
2024-06-09,Vergalhão de Aço,2024,6,Inicio_Mes,6,53.53,55.7,337.6,211.5,659,86
2024-06-10,Vergalhão de Aço,2024,6,Inicio_Mes,0,53.88,51.9,322.6,207.7,1584,426
2024-06-11,Vergalhão de Aço,2024,6,Meio_Mes,1,54.82,59.12,303.4,219.7,1180,225
2024-06-12,Vergalhão de Aço,2024,6,Meio_Mes,2,52.41,49.85,250.6,225.4,1665,358
2024-06-13,Vergalhão de Aço,2024,6,Meio_Mes,3,55.36,62.08,259.4,223.0,1757,164
2024-06-14,Vergalhão de Aço,2024,6,Meio_Mes,4,53.67,51.27,244.3,214.9,1385,310
2024-06-15,Vergalhão de Aço,2024,6,Meio_Mes,5,55.33,59.91,253.7,219.7,1529,55
2024-06-16,Vergalhão de Aço,2024,6,Meio_Mes,6,52.66,52.24,232.0,212.2,792,92
2024-06-17,Vergalhão de Aço,2024,6,Meio_Mes,0,53.59,48.28,232.9,210.3,634,415
2024-06-18,Vergalhão de Aço,2024,6,Meio_Mes,1,55.46,53.37,231.3,221.3,696,343
2024-06-19,Vergalhão de Aço,2024,6,Meio_Mes,2,52.13,55.96,248.1,228.9,1417,218
2024-06-20,Vergalhão de Aço,2024,6,Meio_Mes,3,52.69,61.97,228.1,231.4,1212,132
2024-06-21,Vergalhão de Aço,2024,6,Fim_Mes,4,53.22,53.77,223.6,229.6,637,198
2024-06-22,Vergalhão de Aço,2024,6,Fim_Mes,5,54.81,53.54,207.6,229.9,652,80
2024-06-23,Vergalhão de Aço,2024,6,Fim_Mes,6,54.15,48.89,211.1,229.4,631,100
2024-06-24,Vergalhão de Aço,2024,6,Fim_Mes,0,54.02,51.07,212.3,227.6,1815,300
2024-06-25,Vergalhão de Aço,2024,6,Fim_Mes,1,55.16,57.86,195.9,234.3,1716,194
2024-06-26,Vergalhão de Aço,2024,6,Fim_Mes,2,54.32,53.08,174.6,239.5,1059,259
2024-06-27,Vergalhão de Aço,2024,6,Fim_Mes,3,53.16,54.9,180.4,244.1,1331,185
2024-06-28,Vergalhão de Aço,2024,6,Fim_Mes,4,55.3,55.04,188.0,239.9,1008,214
2024-06-29,Vergalhão de Aço,2024,6,Fim_Mes,5,53.76,46.72,190.3,240.3,1062,115
2024-06-30,Vergalhão de Aço,2024,6,Fim_Mes,6,52.49,54.67,195.3,238.2,787,71
2024-07-01,Vergalhão de Aço,2024,7,Inicio_Mes,0,57.14,57.79,191.1,235.2,1142,371
2024-07-02,Vergalhão de Aço,2024,7,Inicio_Mes,1,56.12,59.2,201.3,242.5,871,341
2024-07-03,Vergalhão de Aço,2024,7,Inicio_Mes,2,54.43,54.81,222.3,247.5,1333,384
2024-07-04,Vergalhão de Aço,2024,7,Inicio_Mes,3,55.32,56.76,240.1,241.6,1774,321
2024-07-05,Vergalhão de Aço,2024,7,Inicio_Mes,4,55.47,49.43,259.6,232.5,1672,511
2024-07-06,Vergalhão de Aço,2024,7,Inicio_Mes,5,55.91,64.94,302.0,239.6,800,67
2024-07-07,Vergalhão de Aço,2024,7,Inicio_Mes,6,55.71,56.24,295.1,232.9,1765,122
2024-07-08,Vergalhão de Aço,2024,7,Inicio_Mes,0,53.37,50.4,302.4,228.8,874,492
2024-07-09,Vergalhão de Aço,2024,7,Inicio_Mes,1,54.79,55.82,319.7,238.3,1264,381
2024-07-10,Vergalhão de Aço,2024,7,Inicio_Mes,2,56.74,66.59,325.4,248.1,1150,213
2024-07-11,Vergalhão de Aço,2024,7,Meio_Mes,3,56.23,58.44,301.0,241.0,1890,238
2024-07-12,Vergalhão de Aço,2024,7,Meio_Mes,4,55.51,62.83,289.1,241.5,1192,165
2024-07-13,Vergalhão de Aço,2024,7,Meio_Mes,5,56.49,59.7,239.7,235.0,1850,53
2024-07-14,Vergalhão de Aço,2024,7,Meio_Mes,6,55.9,60.2,237.7,231.3,1575,70
2024-07-15,Vergalhão de Aço,2024,7,Meio_Mes,0,55.14,52.32,230.3,223.3,1084,369
2024-07-16,Vergalhão de Aço,2024,7,Meio_Mes,1,55.4,50.94,212.7,233.8,1892,414
2024-07-17,Vergalhão de Aço,2024,7,Meio_Mes,2,57.27,54.25,217.4,244.5,619,361
2024-07-18,Vergalhão de Aço,2024,7,Meio_Mes,3,57.11,62.5,238.6,242.7,792,194
2024-07-19,Vergalhão de Aço,2024,7,Meio_Mes,4,57.29,61.15,232.3,237.8,1634,217
2024-07-20,Vergalhão de Aço,2024,7,Meio_Mes,5,56.87,50.0,239.7,237.7,1258,160
2024-07-21,Vergalhão de Aço,2024,7,Fim_Mes,6,56.39,55.51,255.0,238.7,689,74
2024-07-22,Vergalhão de Aço,2024,7,Fim_Mes,0,55.77,62.28,255.6,234.5,1879,157
2024-07-23,Vergalhão de Aço,2024,7,Fim_Mes,1,54.62,47.81,225.3,237.1,1275,383
2024-07-24,Vergalhão de Aço,2024,7,Fim_Mes,2,57.6,49.91,220.9,246.5,698,396
2024-07-25,Vergalhão de Aço,2024,7,Fim_Mes,3,55.13,51.09,225.9,249.7,979,271
2024-07-26,Vergalhão de Aço,2024,7,Fim_Mes,4,57.97,55.42,236.9,252.3,1243,249
2024-07-27,Vergalhão de Aço,2024,7,Fim_Mes,5,57.85,67.86,241.4,252.0,1414,31
2024-07-28,Vergalhão de Aço,2024,7,Fim_Mes,6,58.76,52.33,223.0,246.8,1799,104
2024-07-29,Vergalhão de Aço,2024,7,Fim_Mes,0,53.9,56.24,227.3,243.2,1443,209
2024-07-30,Vergalhão de Aço,2024,7,Fim_Mes,1,57.64,53.6,234.7,246.3,1563,308
2024-07-31,Vergalhão de Aço,2024,7,Fim_Mes,2,58.02,59.9,224.0,254.2,1302,221
2024-08-01,Vergalhão de Aço,2024,8,Inicio_Mes,3,58.02,54.51,199.0,249.2,1270,412
2024-08-02,Vergalhão de Aço,2024,8,Inicio_Mes,4,56.87,60.15,219.1,251.6,673,264
2024-08-03,Vergalhão de Aço,2024,8,Inicio_Mes,5,56.81,48.29,221.3,247.6,1290,219
2024-08-04,Vergalhão de Aço,2024,8,Inicio_Mes,6,57.45,64.75,248.1,244.2,605,76
2024-08-05,Vergalhão de Aço,2024,8,Inicio_Mes,0,58.84,56.16,244.1,229.7,737,437
2024-08-06,Vergalhão de Aço,2024,8,Inicio_Mes,1,56.47,63.7,276.7,242.0,1023,233
2024-08-07,Vergalhão de Aço,2024,8,Inicio_Mes,2,58.36,57.96,266.0,245.7,1828,392
2024-08-08,Vergalhão de Aço,2024,8,Inicio_Mes,3,58.58,51.52,290.4,242.4,1527,517
2024-08-09,Vergalhão de Aço,2024,8,Inicio_Mes,4,55.46,58.72,305.4,246.9,1550,270
2024-08-10,Vergalhão de Aço,2024,8,Inicio_Mes,5,59.37,69.39,306.3,248.8,1627,78
2024-08-11,Vergalhão de Aço,2024,8,Meio_Mes,6,58.45,55.43,286.1,243.5,742,114
2024-08-12,Vergalhão de Aço,2024,8,Meio_Mes,0,59.12,51.19,291.6,241.8,1086,486
2024-08-13,Vergalhão de Aço,2024,8,Meio_Mes,1,58.49,58.07,298.6,256.2,1217,306
2024-08-14,Vergalhão de Aço,2024,8,Meio_Mes,2,57.93,56.31,309.0,264.1,670,307
2024-08-15,Vergalhão de Aço,2024,8,Meio_Mes,3,58.1,65.15,296.9,262.0,1747,180
2024-08-16,Vergalhão de Aço,2024,8,Meio_Mes,4,59.37,59.72,248.7,254.2,1788,242
2024-08-17,Vergalhão de Aço,2024,8,Meio_Mes,5,59.48,62.49,244.7,250.2,998,68
2024-08-18,Vergalhão de Aço,2024,8,Meio_Mes,6,59.2,64.75,243.3,246.0,1026,59
2024-08-19,Vergalhão de Aço,2024,8,Meio_Mes,0,57.49,62.4,235.4,240.8,868,230
2024-08-20,Vergalhão de Aço,2024,8,Meio_Mes,1,58.51,56.83,198.9,243.1,678,325
2024-08-21,Vergalhão de Aço,2024,8,Fim_Mes,2,58.97,55.33,201.6,251.5,1727,284
2024-08-22,Vergalhão de Aço,2024,8,Fim_Mes,3,58.71,59.45,198.3,255.7,1145,188
2024-08-23,Vergalhão de Aço,2024,8,Fim_Mes,4,61.73,52.67,199.4,249.2,1226,357
2024-08-24,Vergalhão de Aço,2024,8,Fim_Mes,5,59.07,63.42,215.9,247.9,1021,62
2024-08-25,Vergalhão de Aço,2024,8,Fim_Mes,6,59.88,61.2,215.0,240.9,1917,76
2024-08-26,Vergalhão de Aço,2024,8,Fim_Mes,0,59.87,53.26,217.4,235.2,958,354
2024-08-27,Vergalhão de Aço,2024,8,Fim_Mes,1,59.25,57.17,235.1,245.9,1101,280
2024-08-28,Vergalhão de Aço,2024,8,Fim_Mes,2,59.35,67.04,228.7,251.8,631,144
2024-08-29,Vergalhão de Aço,2024,8,Fim_Mes,3,59.38,65.76,208.7,249.6,1218,142
2024-08-30,Vergalhão de Aço,2024,8,Fim_Mes,4,57.4,50.03,202.1,244.1,908,319
2024-08-31,Vergalhão de Aço,2024,8,Fim_Mes,5,59.1,64.81,196.7,247.4,1239,38
2024-09-01,Vergalhão de Aço,2024,9,Inicio_Mes,6,59.25,69.19,193.3,234.9,702,61
2024-09-02,Vergalhão de Aço,2024,9,Inicio_Mes,0,57.82,52.88,191.1,228.1,790,459
2024-09-03,Vergalhão de Aço,2024,9,Inicio_Mes,1,60.69,63.17,206.1,236.1,798,300
2024-09-04,Vergalhão de Aço,2024,9,Inicio_Mes,2,59.81,58.5,209.0,243.6,1510,382
2024-09-05,Vergalhão de Aço,2024,9,Inicio_Mes,3,58.34,67.25,243.0,241.8,992,163
2024-09-06,Vergalhão de Aço,2024,9,Inicio_Mes,4,60.36,65.4,246.0,239.4,683,219
2024-09-07,Vergalhão de Aço,2024,9,Inicio_Mes,5,58.3,52.14,231.7,233.7,1893,180
2024-09-08,Vergalhão de Aço,2024,9,Inicio_Mes,6,57.42,58.29,252.0,222.4,1517,106
2024-09-09,Vergalhão de Aço,2024,9,Inicio_Mes,0,59.01,65.87,258.4,217.0,1220,223
2024-09-10,Vergalhão de Aço,2024,9,Inicio_Mes,1,56.71,49.03,224.7,221.8,823,571
2024-09-11,Vergalhão de Aço,2024,9,Meio_Mes,2,57.58,49.89,263.4,237.0,1738,425
2024-09-12,Vergalhão de Aço,2024,9,Meio_Mes,3,58.68,68.48,269.6,235.0,865,132
2024-09-13,Vergalhão de Aço,2024,9,Meio_Mes,4,57.34,57.01,265.1,229.2,1401,242
2024-09-14,Vergalhão de Aço,2024,9,Meio_Mes,5,59.33,69.64,268.4,227.0,856,39
2024-09-15,Vergalhão de Aço,2024,9,Meio_Mes,6,59.56,65.51,248.3,222.3,818,59
2024-09-16,Vergalhão de Aço,2024,9,Meio_Mes,0,61.09,56.91,241.6,216.2,1464,336
2024-09-17,Vergalhão de Aço,2024,9,Meio_Mes,1,57.93,60.04,257.7,225.2,1641,236
2024-09-18,Vergalhão de Aço,2024,9,Meio_Mes,2,58.62,50.0,209.9,231.1,1081,449
2024-09-19,Vergalhão de Aço,2024,9,Meio_Mes,3,57.52,55.0,213.3,238.4,1744,278
2024-09-20,Vergalhão de Aço,2024,9,Meio_Mes,4,58.36,57.86,234.1,236.8,639,236
2024-09-21,Vergalhão de Aço,2024,9,Fim_Mes,5,61.21,54.42,233.3,235.2,989,99
2024-09-22,Vergalhão de Aço,2024,9,Fim_Mes,6,59.63,70.23,241.9,232.2,660,33
2024-09-23,Vergalhão de Aço,2024,9,Fim_Mes,0,58.0,56.81,238.1,221.4,1618,240
2024-09-24,Vergalhão de Aço,2024,9,Fim_Mes,1,56.58,62.8,224.4,227.4,938,151
2024-09-25,Vergalhão de Aço,2024,9,Fim_Mes,2,56.4,60.16,212.3,229.9,924,174
2024-09-26,Vergalhão de Aço,2024,9,Fim_Mes,3,58.58,54.06,173.0,223.9,652,232
2024-09-27,Vergalhão de Aço,2024,9,Fim_Mes,4,58.04,67.54,166.4,222.3,1385,109
2024-09-28,Vergalhão de Aço,2024,9,Fim_Mes,5,60.67,61.91,148.3,221.1,1624,49
2024-09-29,Vergalhão de Aço,2024,9,Fim_Mes,6,57.35,65.67,141.1,218.0,1877,28
2024-09-30,Vergalhão de Aço,2024,9,Fim_Mes,0,58.09,64.34,140.4,208.3,1243,152
2024-10-01,Vergalhão de Aço,2024,10,Inicio_Mes,1,56.59,59.14,127.9,212.1,851,248
2024-10-02,Vergalhão de Aço,2024,10,Inicio_Mes,2,59.16,54.33,141.7,218.3,696,383
2024-10-03,Vergalhão de Aço,2024,10,Inicio_Mes,3,55.14,61.62,171.6,215.8,1728,170
2024-10-04,Vergalhão de Aço,2024,10,Inicio_Mes,4,59.4,65.61,162.7,211.5,1483,167
2024-10-05,Vergalhão de Aço,2024,10,Inicio_Mes,5,55.92,55.38,171.0,204.3,650,98
2024-10-06,Vergalhão de Aço,2024,10,Inicio_Mes,6,58.24,49.5,178.0,202.1,1162,156
2024-10-07,Vergalhão de Aço,2024,10,Inicio_Mes,0,57.0,66.75,196.3,200.0,905,158
2024-10-08,Vergalhão de Aço,2024,10,Inicio_Mes,1,56.45,52.27,197.1,199.3,601,359
2024-10-09,Vergalhão de Aço,2024,10,Inicio_Mes,2,58.36,63.89,213.0,207.7,1745,198
2024-10-10,Vergalhão de Aço,2024,10,Inicio_Mes,3,55.56,53.19,186.6,206.9,1562,294
2024-10-11,Vergalhão de Aço,2024,10,Meio_Mes,4,56.89,55.32,204.3,197.7,1817,223
2024-10-12,Vergalhão de Aço,2024,10,Meio_Mes,5,56.66,59.2,212.3,190.9,1492,74
2024-10-13,Vergalhão de Aço,2024,10,Meio_Mes,6,57.34,62.16,208.9,189.0,825,46
2024-10-14,Vergalhão de Aço,2024,10,Meio_Mes,0,57.62,67.08,193.1,182.5,657,135
2024-10-15,Vergalhão de Aço,2024,10,Meio_Mes,1,57.79,54.78,189.9,185.7,1564,258
2024-10-16,Vergalhão de Aço,2024,10,Meio_Mes,2,56.53,57.64,175.4,192.3,1287,212
2024-10-17,Vergalhão de Aço,2024,10,Meio_Mes,3,57.56,64.64,177.4,188.2,1541,126
2024-10-18,Vergalhão de Aço,2024,10,Meio_Mes,4,56.42,65.1,153.4,184.5,1537,130
2024-10-19,Vergalhão de Aço,2024,10,Meio_Mes,5,57.44,54.02,140.1,173.9,1689,93
2024-10-20,Vergalhão de Aço,2024,10,Meio_Mes,6,55.96,53.76,142.9,167.7,1921,73
2024-10-21,Vergalhão de Aço,2024,10,Fim_Mes,0,57.0,62.13,146.7,162.3,1358,137
2024-10-22,Vergalhão de Aço,2024,10,Fim_Mes,1,56.4,55.02,147.0,163.5,820,202
2024-10-23,Vergalhão de Aço,2024,10,Fim_Mes,2,57.1,55.78,139.0,169.2,634,198
2024-10-24,Vergalhão de Aço,2024,10,Fim_Mes,3,54.5,59.0,137.0,167.8,1703,114
2024-10-25,Vergalhão de Aço,2024,10,Fim_Mes,4,56.69,49.15,135.3,166.5,1281,256
2024-10-26,Vergalhão de Aço,2024,10,Fim_Mes,5,56.82,51.66,153.3,169.3,1680,84
2024-10-27,Vergalhão de Aço,2024,10,Fim_Mes,6,53.51,47.81,152.0,164.3,1768,94
2024-10-28,Vergalhão de Aço,2024,10,Fim_Mes,0,55.3,52.3,155.0,163.8,1776,211
2024-10-29,Vergalhão de Aço,2024,10,Fim_Mes,1,56.95,53.11,165.6,169.2,1443,235
2024-10-30,Vergalhão de Aço,2024,10,Fim_Mes,2,57.03,65.53,170.3,176.1,616,104
2024-10-31,Vergalhão de Aço,2024,10,Fim_Mes,3,55.16,56.88,156.9,174.5,988,143
2024-11-01,Vergalhão de Aço,2024,11,Inicio_Mes,4,54.32,57.31,161.0,171.0,1050,162
2024-11-02,Vergalhão de Aço,2024,11,Inicio_Mes,5,54.69,47.72,147.6,163.7,1658,136
2024-11-03,Vergalhão de Aço,2024,11,Inicio_Mes,6,54.7,58.87,155.0,162.5,1048,43
2024-11-04,Vergalhão de Aço,2024,11,Inicio_Mes,0,55.05,63.95,147.7,158.4,1466,130
2024-11-05,Vergalhão de Aço,2024,11,Inicio_Mes,1,56.4,51.64,136.1,159.5,1164,340
2024-11-06,Vergalhão de Aço,2024,11,Inicio_Mes,2,54.59,51.41,151.1,165.6,973,300
2024-11-07,Vergalhão de Aço,2024,11,Inicio_Mes,3,55.36,48.29,179.1,170.3,1300,336
2024-11-08,Vergalhão de Aço,2024,11,Inicio_Mes,4,54.63,59.74,206.7,169.6,1551,143
2024-11-09,Vergalhão de Aço,2024,11,Inicio_Mes,5,52.73,51.74,204.0,167.7,956,74
2024-11-10,Vergalhão de Aço,2024,11,Inicio_Mes,6,54.65,51.3,195.1,160.4,988,83
2024-11-11,Vergalhão de Aço,2024,11,Meio_Mes,0,54.9,57.6,200.9,155.7,703,154
2024-11-12,Vergalhão de Aço,2024,11,Meio_Mes,1,53.98,56.55,204.3,158.4,1441,154
2024-11-13,Vergalhão de Aço,2024,11,Meio_Mes,2,53.06,45.37,177.7,162.0,1902,320
2024-11-14,Vergalhão de Aço,2024,11,Meio_Mes,3,55.37,59.98,180.6,168.2,1423,111
2024-11-15,Vergalhão de Aço,2024,11,Meio_Mes,4,53.12,55.63,148.4,163.3,1769,130
2024-11-16,Vergalhão de Aço,2024,11,Meio_Mes,5,54.95,50.38,146.6,160.5,1393,83
2024-11-17,Vergalhão de Aço,2024,11,Meio_Mes,6,55.45,54.6,147.9,159.1,620,71
2024-11-18,Vergalhão de Aço,2024,11,Meio_Mes,0,52.48,52.41,146.1,157.1,1892,191
2024-11-19,Vergalhão de Aço,2024,11,Meio_Mes,1,55.42,50.56,151.4,160.4,1507,252
2024-11-20,Vergalhão de Aço,2024,11,Meio_Mes,2,54.07,47.61,165.4,166.4,1610,284
2024-11-21,Vergalhão de Aço,2024,11,Fim_Mes,3,53.89,50.41,160.3,171.3,1186,172
2024-11-22,Vergalhão de Aço,2024,11,Fim_Mes,4,55.97,59.35,169.0,170.3,926,117
2024-11-23,Vergalhão de Aço,2024,11,Fim_Mes,5,53.38,48.88,167.1,167.6,1784,67
2024-11-24,Vergalhão de Aço,2024,11,Fim_Mes,6,53.02,49.81,164.9,166.0,934,53
2024-11-25,Vergalhão de Aço,2024,11,Fim_Mes,0,53.79,58.73,162.3,159.2,1419,100
2024-11-26,Vergalhão de Aço,2024,11,Fim_Mes,1,53.17,61.89,149.3,159.8,1731,84
2024-11-27,Vergalhão de Aço,2024,11,Fim_Mes,2,54.36,62.94,125.3,159.4,1334,88
2024-11-28,Vergalhão de Aço,2024,11,Fim_Mes,3,54.3,59.47,97.3,155.3,1596,82
2024-11-29,Vergalhão de Aço,2024,11,Fim_Mes,4,52.87,51.41,84.4,150.2,1843,145
2024-11-30,Vergalhão de Aço,2024,11,Fim_Mes,5,54.92,51.55,88.4,151.6,1097,81
2024-12-01,Vergalhão de Aço,2024,12,Inicio_Mes,6,54.02,59.95,90.4,149.5,1213,50
2024-12-02,Vergalhão de Aço,2024,12,Inicio_Mes,0,52.15,56.47,90.0,145.8,1177,157
2024-12-03,Vergalhão de Aço,2024,12,Inicio_Mes,1,55.89,64.77,98.1,146.5,686,106
2024-12-04,Vergalhão de Aço,2024,12,Inicio_Mes,2,53.01,52.82,101.3,148.6,629,209
2024-12-05,Vergalhão de Aço,2024,12,Inicio_Mes,3,53.65,46.6,118.6,151.2,1262,271
2024-12-06,Vergalhão de Aço,2024,12,Inicio_Mes,4,53.06,56.57,145.6,148.9,951,154
2024-12-07,Vergalhão de Aço,2024,12,Inicio_Mes,5,53.29,46.54,146.9,144.1,850,100
2024-12-08,Vergalhão de Aço,2024,12,Inicio_Mes,6,54.5,60.97,149.6,136.2,1524,46
2024-12-09,Vergalhão de Aço,2024,12,Inicio_Mes,0,53.24,50.7,149.0,133.0,937,236
2024-12-10,Vergalhão de Aço,2024,12,Inicio_Mes,1,56.94,55.1,160.3,138.4,1077,240
2024-12-11,Vergalhão de Aço,2024,12,Meio_Mes,2,54.17,51.55,179.4,143.6,1833,192
2024-12-12,Vergalhão de Aço,2024,12,Meio_Mes,3,53.49,51.72,177.0,144.9,1282,158
2024-12-13,Vergalhão de Aço,2024,12,Meio_Mes,4,53.39,55.13,160.9,145.0,1279,115
2024-12-14,Vergalhão de Aço,2024,12,Meio_Mes,5,54.08,58.05,155.3,138.2,1731,36
2024-12-15,Vergalhão de Aço,2024,12,Meio_Mes,6,54.16,53.89,146.1,135.7,1424,57
2024-12-16,Vergalhão de Aço,2024,12,Meio_Mes,0,54.25,49.32,147.7,133.2,1536,209
2024-12-17,Vergalhão de Aço,2024,12,Meio_Mes,1,53.27,48.19,143.9,137.4,602,211
2024-12-18,Vergalhão de Aço,2024,12,Meio_Mes,2,54.87,55.96,139.7,142.1,817,153
2024-12-19,Vergalhão de Aço,2024,12,Meio_Mes,3,53.0,46.89,134.1,140.8,900,197
2024-12-20,Vergalhão de Aço,2024,12,Meio_Mes,4,56.58,52.67,139.7,139.0,677,178
2024-12-21,Vergalhão de Aço,2024,12,Fim_Mes,5,52.32,48.26,148.7,135.5,1895,48
2024-12-22,Vergalhão de Aço,2024,12,Fim_Mes,6,55.07,54.37,150.4,131.3,1179,61
2024-12-23,Vergalhão de Aço,2024,12,Fim_Mes,0,56.07,60.65,151.0,129.5,831,97
2024-12-24,Vergalhão de Aço,2024,12,Fim_Mes,1,51.03,58.04,135.0,130.5,1452,77
2024-12-25,Vergalhão de Aço,2024,12,Fim_Mes,2,52.91,55.55,115.9,131.3,758,105
2024-12-26,Vergalhão de Aço,2024,12,Fim_Mes,3,53.1,57.26,109.0,131.4,878,79
2024-12-27,Vergalhão de Aço,2024,12,Fim_Mes,4,55.13,50.58,92.1,131.3,1285,146
2024-12-28,Vergalhão de Aço,2024,12,Fim_Mes,5,53.88,59.89,87.6,133.2,693,26
2024-12-29,Vergalhão de Aço,2024,12,Fim_Mes,6,57.24,60.52,84.4,131.3,1529,23
2024-12-30,Vergalhão de Aço,2024,12,Fim_Mes,0,54.66,61.54,79.0,127.3,1708,96
2024-12-31,Vergalhão de Aço,2024,12,Fim_Mes,1,54.35,52.18,78.9,127.8,1668,156
2025-01-01,Vergalhão de Aço,2025,1,Inicio_Mes,2,55.37,62.69,90.1,131.3,1791,116
2025-01-02,Vergalhão de Aço,2025,1,Inicio_Mes,3,56.05,54.82,91.7,129.9,1684,180
2025-01-03,Vergalhão de Aço,2025,1,Inicio_Mes,4,57.02,49.73,106.1,132.4,1784,266
2025-01-04,Vergalhão de Aço,2025,1,Inicio_Mes,5,58.15,68.0,123.3,134.3,689,12
2025-01-05,Vergalhão de Aço,2025,1,Inicio_Mes,6,56.51,55.04,121.3,125.7,1685,69
2025-01-06,Vergalhão de Aço,2025,1,Inicio_Mes,0,55.09,50.83,127.9,122.8,1073,257
2025-01-07,Vergalhão de Aço,2025,1,Inicio_Mes,1,56.65,55.06,150.9,128.1,1226,209
2025-01-08,Vergalhão de Aço,2025,1,Inicio_Mes,2,58.53,63.44,158.4,133.5,611,148
2025-01-09,Vergalhão de Aço,2025,1,Inicio_Mes,3,58.33,58.9,163.0,130.6,607,146
2025-01-10,Vergalhão de Aço,2025,1,Inicio_Mes,4,58.35,60.16,158.1,127.4,689,153
2025-01-11,Vergalhão de Aço,2025,1,Meio_Mes,5,58.27,64.57,142.0,126.1,1614,45
2025-01-12,Vergalhão de Aço,2025,1,Meio_Mes,6,57.92,51.91,146.7,122.4,1506,81
2025-01-13,Vergalhão de Aço,2025,1,Meio_Mes,0,59.57,53.97,148.4,121.2,863,211
2025-01-14,Vergalhão de Aço,2025,1,Meio_Mes,1,58.36,67.1,141.9,127.1,1624,89
2025-01-15,Vergalhão de Aço,2025,1,Meio_Mes,2,60.1,68.72,124.7,128.1,1381,97
2025-01-16,Vergalhão de Aço,2025,1,Meio_Mes,3,56.98,57.34,117.4,124.4,1567,129
2025-01-17,Vergalhão de Aço,2025,1,Meio_Mes,4,57.29,54.63,115.0,121.7,926,146
2025-01-18,Vergalhão de Aço,2025,1,Meio_Mes,5,57.95,66.62,114.0,121.4,1284,15
2025-01-19,Vergalhão de Aço,2025,1,Meio_Mes,6,57.41,64.37,109.7,115.4,1490,44
2025-01-20,Vergalhão de Aço,2025,1,Meio_Mes,0,57.8,62.34,104.4,110.9,956,118
2025-01-21,Vergalhão de Aço,2025,1,Fim_Mes,1,58.88,56.35,91.1,113.2,963,141
2025-01-22,Vergalhão de Aço,2025,1,Fim_Mes,2,59.48,54.85,98.6,115.9,1403,146
2025-01-23,Vergalhão de Aço,2025,1,Fim_Mes,3,59.87,66.99,105.6,117.5,1650,56
2025-01-24,Vergalhão de Aço,2025,1,Fim_Mes,4,58.15,51.12,95.1,116.8,1543,164
2025-01-25,Vergalhão de Aço,2025,1,Fim_Mes,5,57.88,49.79,97.7,118.8,950,44
2025-01-26,Vergalhão de Aço,2025,1,Fim_Mes,6,59.58,51.41,101.9,117.6,1500,47
2025-01-27,Vergalhão de Aço,2025,1,Fim_Mes,0,60.07,68.66,102.3,114.3,1039,67
2025-01-28,Vergalhão de Aço,2025,1,Fim_Mes,1,59.76,55.71,95.0,115.7,1378,152
2025-01-29,Vergalhão de Aço,2025,1,Fim_Mes,2,60.35,68.39,96.6,120.0,1946,78
2025-01-30,Vergalhão de Aço,2025,1,Fim_Mes,3,58.36,50.04,86.9,119.4,1086,170
2025-01-31,Vergalhão de Aço,2025,1,Fim_Mes,4,60.05,57.24,103.1,119.9,1483,135
2025-02-01,Vergalhão de Aço,2025,2,Inicio_Mes,5,60.48,66.62,99.0,120.5,652,56
2025-02-02,Vergalhão de Aço,2025,2,Inicio_Mes,6,60.3,62.47,100.7,116.4,1443,67
2025-02-03,Vergalhão de Aço,2025,2,Inicio_Mes,0,60.23,62.74,103.6,109.7,1937,185
2025-02-04,Vergalhão de Aço,2025,2,Inicio_Mes,1,59.61,64.58,120.4,115.5,1125,165
2025-02-05,Vergalhão de Aço,2025,2,Inicio_Mes,2,60.71,70.2,122.3,118.7,1854,104
2025-02-06,Vergalhão de Aço,2025,2,Inicio_Mes,3,60.64,55.78,126.0,113.6,1944,220
2025-02-07,Vergalhão de Aço,2025,2,Inicio_Mes,4,61.04,63.83,133.1,114.0,672,157
2025-02-08,Vergalhão de Aço,2025,2,Inicio_Mes,5,62.69,67.3,136.3,114.3,1103,45
2025-02-09,Vergalhão de Aço,2025,2,Inicio_Mes,6,62.78,67.81,134.7,110.9,1475,49
2025-02-10,Vergalhão de Aço,2025,2,Inicio_Mes,0,59.68,63.25,132.1,107.4,1409,160
2025-02-11,Vergalhão de Aço,2025,2,Meio_Mes,1,61.3,61.31,128.6,111.3,1501,149
2025-02-12,Vergalhão de Aço,2025,2,Meio_Mes,2,60.32,51.65,126.3,113.5,1651,266
2025-02-13,Vergalhão de Aço,2025,2,Meio_Mes,3,62.63,70.56,149.4,115.4,1683,95
2025-02-14,Vergalhão de Aço,2025,2,Meio_Mes,4,60.92,61.6,131.6,115.6,1142,138
2025-02-15,Vergalhão de Aço,2025,2,Meio_Mes,5,61.23,57.64,128.9,116.9,1843,52
2025-02-16,Vergalhão de Aço,2025,2,Meio_Mes,6,63.09,61.02,129.9,114.4,670,70
2025-02-17,Vergalhão de Aço,2025,2,Meio_Mes,0,61.0,53.55,132.9,111.8,1419,239
2025-02-18,Vergalhão de Aço,2025,2,Meio_Mes,1,59.82,67.88,144.1,119.3,1796,102
2025-02-19,Vergalhão de Aço,2025,2,Meio_Mes,2,61.96,58.52,137.4,121.2,1683,184
2025-02-20,Vergalhão de Aço,2025,2,Meio_Mes,3,61.58,72.12,125.7,123.4,1227,82
2025-02-21,Vergalhão de Aço,2025,2,Fim_Mes,4,60.73,71.17,123.9,121.5,1702,58
2025-02-22,Vergalhão de Aço,2025,2,Fim_Mes,5,61.15,53.41,112.4,118.5,884,56
2025-02-23,Vergalhão de Aço,2025,2,Fim_Mes,6,61.24,57.48,113.0,118.5,736,36
2025-02-24,Vergalhão de Aço,2025,2,Fim_Mes,0,61.2,71.67,108.1,114.3,1625,66
2025-02-25,Vergalhão de Aço,2025,2,Fim_Mes,1,61.48,57.91,83.4,115.0,1677,159
2025-02-26,Vergalhão de Aço,2025,2,Fim_Mes,2,60.18,55.77,91.6,118.7,775,153
2025-02-27,Vergalhão de Aço,2025,2,Fim_Mes,3,60.73,65.13,87.1,121.6,684,72
2025-02-28,Vergalhão de Aço,2025,2,Fim_Mes,4,62.38,56.05,85.7,118.9,1062,154
2025-03-01,Vergalhão de Aço,2025,3,Inicio_Mes,5,61.68,58.58,99.4,121.5,1360,85
2025-03-02,Vergalhão de Aço,2025,3,Inicio_Mes,6,61.33,63.88,103.6,118.6,1282,69
2025-03-03,Vergalhão de Aço,2025,3,Inicio_Mes,0,62.2,58.49,108.3,116.4,1258,290
2025-03-04,Vergalhão de Aço,2025,3,Inicio_Mes,1,61.72,58.7,140.3,124.2,1710,280
2025-03-05,Vergalhão de Aço,2025,3,Inicio_Mes,2,61.7,61.78,157.6,131.3,1578,234
2025-03-06,Vergalhão de Aço,2025,3,Inicio_Mes,3,64.02,70.83,169.1,133.0,1763,152
2025-03-07,Vergalhão de Aço,2025,3,Inicio_Mes,4,62.34,70.27,180.6,132.5,1935,117
2025-03-08,Vergalhão de Aço,2025,3,Inicio_Mes,5,61.56,56.29,175.3,133.0,1260,113
2025-03-09,Vergalhão de Aço,2025,3,Inicio_Mes,6,61.84,62.42,179.3,129.4,1731,90
2025-03-10,Vergalhão de Aço,2025,3,Inicio_Mes,0,63.03,62.04,182.3,127.2,1043,252
2025-03-11,Vergalhão de Aço,2025,3,Meio_Mes,1,63.76,56.85,176.9,134.1,865,271
2025-03-12,Vergalhão de Aço,2025,3,Meio_Mes,2,64.16,64.9,175.6,141.5,1470,193
2025-03-13,Vergalhão de Aço,2025,3,Meio_Mes,3,62.27,60.58,169.7,142.6,1493,166
2025-03-14,Vergalhão de Aço,2025,3,Meio_Mes,4,62.17,56.65,171.7,143.1,976,215
2025-03-15,Vergalhão de Aço,2025,3,Meio_Mes,5,61.19,68.68,185.7,141.4,985,33
2025-03-16,Vergalhão de Aço,2025,3,Meio_Mes,6,60.59,58.99,174.3,139.4,1676,67
2025-03-17,Vergalhão de Aço,2025,3,Meio_Mes,0,61.03,63.09,171.0,137.0,1740,162
2025-03-18,Vergalhão de Aço,2025,3,Meio_Mes,1,61.23,65.64,158.1,140.7,897,147
2025-03-19,Vergalhão de Aço,2025,3,Meio_Mes,2,62.32,58.11,140.4,143.2,955,234
2025-03-20,Vergalhão de Aço,2025,3,Meio_Mes,3,62.45,68.54,146.3,143.1,805,125
2025-03-21,Vergalhão de Aço,2025,3,Fim_Mes,4,59.33,52.27,140.4,143.8,1256,195
2025-03-22,Vergalhão de Aço,2025,3,Fim_Mes,5,60.65,56.32,137.6,144.2,1826,55
2025-03-23,Vergalhão de Aço,2025,3,Fim_Mes,6,59.09,65.06,140.7,143.3,808,14
2025-03-24,Vergalhão de Aço,2025,3,Fim_Mes,0,58.45,61.2,133.1,141.8,1949,121
2025-03-25,Vergalhão de Aço,2025,3,Fim_Mes,1,61.03,68.54,127.3,144.0,830,107
2025-03-26,Vergalhão de Aço,2025,3,Fim_Mes,2,61.77,65.04,121.6,146.4,1829,104
2025-03-27,Vergalhão de Aço,2025,3,Fim_Mes,3,62.16,53.87,103.0,147.6,647,242
2025-03-28,Vergalhão de Aço,2025,3,Fim_Mes,4,59.06,66.56,119.7,150.4,816,98
2025-03-29,Vergalhão de Aço,2025,3,Fim_Mes,5,61.41,57.01,105.9,148.6,666,56
2025-03-30,Vergalhão de Aço,2025,3,Fim_Mes,6,60.74,63.82,106.0,148.0,979,43
2025-03-31,Vergalhão de Aço,2025,3,Fim_Mes,0,60.86,67.83,110.1,144.3,1129,88
2025-04-01,Vergalhão de Aço,2025,4,Inicio_Mes,1,60.66,67.03,105.4,144.4,919,203
2025-04-02,Vergalhão de Aço,2025,4,Inicio_Mes,2,62.04,71.76,119.1,148.9,1122,183
2025-04-03,Vergalhão de Aço,2025,4,Inicio_Mes,3,61.28,67.77,130.4,145.3,916,187
2025-04-04,Vergalhão de Aço,2025,4,Inicio_Mes,4,60.87,71.05,122.6,142.2,1501,140
2025-04-05,Vergalhão de Aço,2025,4,Inicio_Mes,5,60.89,64.04,128.6,139.1,1515,80
2025-04-06,Vergalhão de Aço,2025,4,Inicio_Mes,6,61.98,72.06,132.0,136.7,1794,48
2025-04-07,Vergalhão de Aço,2025,4,Inicio_Mes,0,59.84,56.43,132.7,134.4,1900,368
2025-04-08,Vergalhão de Aço,2025,4,Inicio_Mes,1,61.84,72.77,172.7,142.9,1021,168
2025-04-09,Vergalhão de Aço,2025,4,Inicio_Mes,2,60.02,59.79,167.7,145.5,952,294
2025-04-10,Vergalhão de Aço,2025,4,Inicio_Mes,3,61.83,71.64,183.6,146.9,850,141
2025-04-11,Vergalhão de Aço,2025,4,Meio_Mes,4,61.33,53.38,177.0,142.6,724,310
2025-04-12,Vergalhão de Aço,2025,4,Meio_Mes,5,60.87,54.76,201.3,146.5,1906,93
2025-04-13,Vergalhão de Aço,2025,4,Meio_Mes,6,60.5,56.35,203.1,144.0,1235,65
2025-04-14,Vergalhão de Aço,2025,4,Meio_Mes,0,61.74,67.84,205.6,139.0,1380,165
2025-04-15,Vergalhão de Aço,2025,4,Meio_Mes,1,59.11,58.09,176.6,143.4,1794,255
2025-04-16,Vergalhão de Aço,2025,4,Meio_Mes,2,61.48,57.77,189.0,149.7,857,269
2025-04-17,Vergalhão de Aço,2025,4,Meio_Mes,3,59.42,58.94,185.4,153.3,1721,194
2025-04-18,Vergalhão de Aço,2025,4,Meio_Mes,4,60.37,61.9,193.0,154.8,988,175
2025-04-19,Vergalhão de Aço,2025,4,Meio_Mes,5,57.61,60.3,173.7,152.9,1185,60
2025-04-20,Vergalhão de Aço,2025,4,Meio_Mes,6,60.84,58.62,169.0,150.7,1589,83
2025-04-21,Vergalhão de Aço,2025,4,Fim_Mes,0,60.31,67.6,171.6,147.0,1364,118
2025-04-22,Vergalhão de Aço,2025,4,Fim_Mes,1,60.44,59.34,164.9,149.1,1041,195
2025-04-23,Vergalhão de Aço,2025,4,Fim_Mes,2,59.34,61.74,156.3,155.1,1226,156
2025-04-24,Vergalhão de Aço,2025,4,Fim_Mes,3,61.17,52.65,140.1,156.3,1489,267
2025-04-25,Vergalhão de Aço,2025,4,Fim_Mes,4,58.16,52.75,150.6,161.6,1366,222
2025-04-26,Vergalhão de Aço,2025,4,Fim_Mes,5,59.58,66.74,157.3,165.5,1927,36
2025-04-27,Vergalhão de Aço,2025,4,Fim_Mes,6,56.84,49.26,153.9,158.7,671,84
2025-04-28,Vergalhão de Aço,2025,4,Fim_Mes,0,58.5,54.1,154.0,158.2,1428,253
2025-04-29,Vergalhão de Aço,2025,4,Fim_Mes,1,59.47,57.6,173.3,164.8,1711,188
2025-04-30,Vergalhão de Aço,2025,4,Fim_Mes,2,58.69,56.68,172.3,169.6,1089,215
2025-05-01,Vergalhão de Aço,2025,5,Inicio_Mes,3,58.01,53.31,180.7,173.8,714,409
2025-05-02,Vergalhão de Aço,2025,5,Inicio_Mes,4,56.81,64.05,201.0,180.7,898,165
2025-05-03,Vergalhão de Aço,2025,5,Inicio_Mes,5,59.92,67.22,192.9,180.1,1119,67
2025-05-04,Vergalhão de Aço,2025,5,Inicio_Mes,6,56.2,65.07,197.3,176.1,760,58
2025-05-05,Vergalhão de Aço,2025,5,Inicio_Mes,0,58.53,60.02,193.6,173.4,644,310
2025-05-06,Vergalhão de Aço,2025,5,Inicio_Mes,1,55.28,49.93,201.7,181.0,1486,481
2025-05-07,Vergalhão de Aço,2025,5,Inicio_Mes,2,58.19,63.19,243.6,195.5,692,252
2025-05-08,Vergalhão de Aço,2025,5,Inicio_Mes,3,56.89,59.86,248.9,191.6,1866,249
2025-05-09,Vergalhão de Aço,2025,5,Inicio_Mes,4,57.24,55.35,226.0,194.3,1343,343
2025-05-10,Vergalhão de Aço,2025,5,Inicio_Mes,5,59.21,66.25,251.4,195.9,1425,69
2025-05-11,Vergalhão de Aço,2025,5,Meio_Mes,6,56.13,49.67,251.7,193.5,1079,122
2025-05-12,Vergalhão de Aço,2025,5,Meio_Mes,0,59.71,63.72,260.9,187.3,694,197
2025-05-13,Vergalhão de Aço,2025,5,Meio_Mes,1,56.16,50.64,244.7,190.7,1716,373
2025-05-14,Vergalhão de Aço,2025,5,Meio_Mes,2,57.38,51.96,229.3,201.0,1787,367
2025-05-15,Vergalhão de Aço,2025,5,Meio_Mes,3,55.62,56.5,245.7,207.7,1587,223
2025-05-16,Vergalhão de Aço,2025,5,Meio_Mes,4,57.59,60.92,242.0,206.7,1144,195
2025-05-17,Vergalhão de Aço,2025,5,Meio_Mes,5,57.48,61.71,220.9,204.2,1178,80
2025-05-18,Vergalhão de Aço,2025,5,Meio_Mes,6,58.08,52.17,222.4,200.4,1724,127
2025-05-19,Vergalhão de Aço,2025,5,Meio_Mes,0,58.5,58.05,223.1,198.8,1111,273
2025-05-20,Vergalhão de Aço,2025,5,Meio_Mes,1,56.79,64.09,234.0,205.9,1253,169
2025-05-21,Vergalhão de Aço,2025,5,Fim_Mes,2,54.64,56.78,204.9,208.8,1039,185
2025-05-22,Vergalhão de Aço,2025,5,Fim_Mes,3,56.76,61.89,178.9,211.0,1066,138
2025-05-23,Vergalhão de Aço,2025,5,Fim_Mes,4,58.03,67.46,166.7,209.1,1140,109
2025-05-24,Vergalhão de Aço,2025,5,Fim_Mes,5,55.9,65.78,154.4,207.5,634,43
2025-05-25,Vergalhão de Aço,2025,5,Fim_Mes,6,58.62,63.14,149.1,200.1,762,60
2025-05-26,Vergalhão de Aço,2025,5,Fim_Mes,0,55.09,52.41,139.6,194.7,1337,257
2025-05-27,Vergalhão de Aço,2025,5,Fim_Mes,1,55.19,50.02,137.3,202.0,1164,294
2025-05-28,Vergalhão de Aço,2025,5,Fim_Mes,2,56.96,50.0,155.1,209.0,1130,331
2025-05-29,Vergalhão de Aço,2025,5,Fim_Mes,3,57.69,52.14,176.0,211.6,915,277
2025-05-30,Vergalhão de Aço,2025,5,Fim_Mes,4,56.98,65.85,195.9,214.6,1166,103
2025-05-31,Vergalhão de Aço,2025,5,Fim_Mes,5,54.1,46.5,195.0,210.9,1387,124
2025-06-01,Vergalhão de Aço,2025,6,Inicio_Mes,6,56.2,58.68,206.6,201.4,1136,104
2025-06-02,Vergalhão de Aço,2025,6,Inicio_Mes,0,56.32,52.99,212.9,199.3,1557,476
2025-06-03,Vergalhão de Aço,2025,6,Inicio_Mes,1,56.79,55.29,244.1,213.0,1342,417
2025-06-04,Vergalhão de Aço,2025,6,Inicio_Mes,2,56.08,63.07,261.7,224.9,1687,238
2025-06-05,Vergalhão de Aço,2025,6,Inicio_Mes,3,55.33,61.95,248.4,222.5,1856,212
2025-06-06,Vergalhão de Aço,2025,6,Inicio_Mes,4,56.0,53.84,239.1,213.6,1775,377
2025-06-07,Vergalhão de Aço,2025,6,Inicio_Mes,5,52.68,50.59,278.3,217.7,1132,137
2025-06-08,Vergalhão de Aço,2025,6,Inicio_Mes,6,54.63,56.75,280.1,214.0,1687,107
2025-06-09,Vergalhão de Aço,2025,6,Inicio_Mes,0,55.35,49.77,280.6,206.1,962,551
2025-06-10,Vergalhão de Aço,2025,6,Inicio_Mes,1,54.69,58.75,291.3,222.2,676,271
2025-06-11,Vergalhão de Aço,2025,6,Meio_Mes,2,55.93,60.41,270.4,227.2,861,215
2025-06-12,Vergalhão de Aço,2025,6,Meio_Mes,3,54.48,62.24,267.1,227.8,1809,161
2025-06-13,Vergalhão de Aço,2025,6,Meio_Mes,4,54.84,54.06,259.9,220.7,924,264
2025-06-14,Vergalhão de Aço,2025,6,Meio_Mes,5,57.17,61.29,243.7,217.3,1712,77
2025-06-15,Vergalhão de Aço,2025,6,Meio_Mes,6,54.72,59.84,235.1,212.4,1086,64
2025-06-16,Vergalhão de Aço,2025,6,Meio_Mes,0,54.61,47.88,229.0,208.0,1939,465
2025-06-17,Vergalhão de Aço,2025,6,Meio_Mes,1,57.09,64.84,216.7,220.9,990,196
2025-06-18,Vergalhão de Aço,2025,6,Meio_Mes,2,58.73,57.89,206.0,223.2,1177,303
2025-06-19,Vergalhão de Aço,2025,6,Meio_Mes,3,56.9,64.34,218.6,224.2,872,144
2025-06-20,Vergalhão de Aço,2025,6,Meio_Mes,4,56.29,63.14,216.1,223.3,1350,170
2025-06-21,Vergalhão de Aço,2025,6,Fim_Mes,5,54.97,60.61,202.7,222.8,941,46
2025-06-22,Vergalhão de Aço,2025,6,Fim_Mes,6,57.18,54.72,198.3,219.8,1513,92
2025-06-23,Vergalhão de Aço,2025,6,Fim_Mes,0,58.11,62.48,202.3,219.2,1376,193
2025-06-24,Vergalhão de Aço,2025,6,Fim_Mes,1,54.22,59.84,163.4,224.2,905,156
2025-06-25,Vergalhão de Aço,2025,6,Fim_Mes,2,54.97,58.07,157.7,227.4,1608,198
2025-06-26,Vergalhão de Aço,2025,6,Fim_Mes,3,56.57,63.94,142.7,225.4,660,118
2025-06-27,Vergalhão de Aço,2025,6,Fim_Mes,4,55.28,55.72,139.0,219.6,1853,212
2025-06-28,Vergalhão de Aço,2025,6,Fim_Mes,5,55.83,47.71,145.0,215.6,710,107
2025-06-29,Vergalhão de Aço,2025,6,Fim_Mes,6,55.1,56.8,153.7,209.9,835,84
2025-06-30,Vergalhão de Aço,2025,6,Fim_Mes,0,57.6,67.31,152.6,209.3,668,114
2025-07-01,Vergalhão de Aço,2025,7,Inicio_Mes,1,56.68,58.73,141.3,209.0,1275,355
2025-07-02,Vergalhão de Aço,2025,7,Inicio_Mes,2,54.55,62.88,169.7,217.3,1148,237
2025-07-03,Vergalhão de Aço,2025,7,Inicio_Mes,3,57.09,54.05,175.3,209.4,1309,414
2025-07-04,Vergalhão de Aço,2025,7,Inicio_Mes,4,57.34,63.73,217.6,209.3,1513,235
2025-07-05,Vergalhão de Aço,2025,7,Inicio_Mes,5,57.13,54.14,220.9,209.2,601,149
2025-07-06,Vergalhão de Aço,2025,7,Inicio_Mes,6,55.72,59.53,226.9,207.1,1455,92
2025-07-07,Vergalhão de Aço,2025,7,Inicio_Mes,0,56.54,61.66,228.0,197.6,1036,285
2025-07-08,Vergalhão de Aço,2025,7,Inicio_Mes,1,57.68,55.55,252.4,202.5,781,465
2025-07-09,Vergalhão de Aço,2025,7,Inicio_Mes,2,57.23,50.6,268.1,214.4,1142,605
2025-07-10,Vergalhão de Aço,2025,7,Inicio_Mes,3,58.07,51.62,320.7,216.2,600,507
2025-07-11,Vergalhão de Aço,2025,7,Meio_Mes,4,56.03,52.33,334.0,224.1,617,341
2025-07-12,Vergalhão de Aço,2025,7,Meio_Mes,5,58.57,68.29,349.1,228.3,1363,55
2025-07-13,Vergalhão de Aço,2025,7,Meio_Mes,6,56.25,58.0,335.7,224.8,1112,87
2025-07-14,Vergalhão de Aço,2025,7,Meio_Mes,0,55.51,51.59,335.0,218.9,728,401
2025-07-15,Vergalhão de Aço,2025,7,Meio_Mes,1,56.69,51.5,351.6,229.7,1932,420
2025-07-16,Vergalhão de Aço,2025,7,Meio_Mes,2,59.19,67.38,345.1,241.5,1944,162
2025-07-17,Vergalhão de Aço,2025,7,Meio_Mes,3,59.11,56.62,281.9,231.4,1012,314
2025-07-18,Vergalhão de Aço,2025,7,Meio_Mes,4,59.67,64.15,254.3,235.4,1025,195
2025-07-19,Vergalhão de Aço,2025,7,Meio_Mes,5,58.18,51.92,233.4,231.8,1380,135
2025-07-20,Vergalhão de Aço,2025,7,Meio_Mes,6,59.17,65.01,244.9,231.5,1778,78
2025-07-21,Vergalhão de Aço,2025,7,Fim_Mes,0,60.04,63.3,243.6,228.4,851,199
2025-07-22,Vergalhão de Aço,2025,7,Fim_Mes,1,60.51,68.41,214.7,233.5,864,142
2025-07-23,Vergalhão de Aço,2025,7,Fim_Mes,2,58.08,60.59,175.0,235.2,1330,199
2025-07-24,Vergalhão de Aço,2025,7,Fim_Mes,3,58.47,60.2,180.3,235.4,915,184
2025-07-25,Vergalhão de Aço,2025,7,Fim_Mes,4,59.64,51.51,161.7,236.3,1272,354
2025-07-26,Vergalhão de Aço,2025,7,Fim_Mes,5,57.15,54.38,184.4,241.5,1428,100
2025-07-27,Vergalhão de Aço,2025,7,Fim_Mes,6,60.41,58.62,179.4,240.9,1465,92
2025-07-28,Vergalhão de Aço,2025,7,Fim_Mes,0,57.02,61.67,181.4,236.9,1351,180
2025-07-29,Vergalhão de Aço,2025,7,Fim_Mes,1,59.56,51.04,178.7,239.3,1026,404
2025-07-30,Vergalhão de Aço,2025,7,Fim_Mes,2,57.61,61.81,216.1,250.0,1134,198
2025-07-31,Vergalhão de Aço,2025,7,Fim_Mes,3,58.59,57.77,216.0,252.8,1861,239
2025-08-01,Vergalhão de Aço,2025,8,Inicio_Mes,4,58.41,60.92,223.9,248.9,1908,284
2025-08-02,Vergalhão de Aço,2025,8,Inicio_Mes,5,58.42,56.2,213.9,250.5,1283,138
2025-08-03,Vergalhão de Aço,2025,8,Inicio_Mes,6,59.76,70.47,219.3,241.3,1209,55
2025-08-04,Vergalhão de Aço,2025,8,Inicio_Mes,0,57.95,51.46,214.0,235.3,1792,555
2025-08-05,Vergalhão de Aço,2025,8,Inicio_Mes,1,57.3,61.18,267.6,248.8,1196,286
2025-08-06,Vergalhão de Aço,2025,8,Inicio_Mes,2,58.89,65.87,250.7,255.3,1869,250
2025-08-07,Vergalhão de Aço,2025,8,Inicio_Mes,3,60.08,54.07,258.1,254.1,1244,482
2025-08-08,Vergalhão de Aço,2025,8,Inicio_Mes,4,61.41,60.33,292.9,254.7,1056,373
2025-08-09,Vergalhão de Aço,2025,8,Inicio_Mes,5,59.47,53.74,305.6,247.0,1591,164
2025-08-10,Vergalhão de Aço,2025,8,Inicio_Mes,6,62.44,71.04,309.3,235.5,1378,85
2025-08-11,Vergalhão de Aço,2025,8,Meio_Mes,0,61.29,63.02,313.6,227.0,707,256
2025-08-12,Vergalhão de Aço,2025,8,Meio_Mes,1,61.09,59.92,270.9,233.7,1000,315
2025-08-13,Vergalhão de Aço,2025,8,Meio_Mes,2,60.08,59.65,275.0,241.3,1404,300
2025-08-14,Vergalhão de Aço,2025,8,Meio_Mes,3,60.85,68.36,282.1,237.9,708,177
2025-08-15,Vergalhão de Aço,2025,8,Meio_Mes,4,63.02,70.8,238.6,229.8,1657,162
2025-08-16,Vergalhão de Aço,2025,8,Meio_Mes,5,60.66,54.05,208.4,229.8,1781,138
2025-08-17,Vergalhão de Aço,2025,8,Meio_Mes,6,61.03,63.57,204.7,224.0,1863,58
2025-08-18,Vergalhão de Aço,2025,8,Meio_Mes,0,60.33,67.4,200.9,219.4,1883,211
2025-08-19,Vergalhão de Aço,2025,8,Meio_Mes,1,59.88,59.59,194.4,221.9,1469,295
2025-08-20,Vergalhão de Aço,2025,8,Meio_Mes,2,60.11,62.98,191.6,229.2,1818,246
2025-08-21,Vergalhão de Aço,2025,8,Fim_Mes,3,59.31,59.08,183.9,230.7,665,200
2025-08-22,Vergalhão de Aço,2025,8,Fim_Mes,4,61.41,64.11,187.1,232.7,1076,180
2025-08-23,Vergalhão de Aço,2025,8,Fim_Mes,5,61.28,68.79,189.7,232.0,1452,61
2025-08-24,Vergalhão de Aço,2025,8,Fim_Mes,6,61.6,60.78,178.7,227.9,1893,91
2025-08-25,Vergalhão de Aço,2025,8,Fim_Mes,0,63.8,58.87,183.4,219.2,1444,318
2025-08-26,Vergalhão de Aço,2025,8,Fim_Mes,1,59.67,51.89,198.7,226.4,1415,378
2025-08-27,Vergalhão de Aço,2025,8,Fim_Mes,2,61.42,56.8,210.6,236.0,1499,322
2025-08-28,Vergalhão de Aço,2025,8,Fim_Mes,3,61.18,55.3,221.4,240.7,849,283
2025-08-29,Vergalhão de Aço,2025,8,Fim_Mes,4,60.81,52.71,233.3,236.7,1137,322
2025-08-30,Vergalhão de Aço,2025,8,Fim_Mes,5,57.97,56.6,253.6,240.8,1732,100
2025-08-31,Vergalhão de Aço,2025,8,Fim_Mes,6,61.5,53.53,259.1,236.2,696,107
2025-09-01,Vergalhão de Aço,2025,9,Inicio_Mes,0,63.53,72.41,261.4,230.3,1353,225
2025-09-02,Vergalhão de Aço,2025,9,Inicio_Mes,1,61.78,65.67,248.1,233.2,661,256
2025-09-03,Vergalhão de Aço,2025,9,Inicio_Mes,2,61.08,55.34,230.7,239.9,771,476
2025-09-04,Vergalhão de Aço,2025,9,Inicio_Mes,3,61.72,57.47,252.7,237.2,1083,378
2025-09-05,Vergalhão de Aço,2025,9,Inicio_Mes,4,62.85,55.01,266.3,240.3,605,439
2025-09-06,Vergalhão de Aço,2025,9,Inicio_Mes,5,63.1,62.19,283.0,246.6,1261,128
2025-09-07,Vergalhão de Aço,2025,9,Inicio_Mes,6,61.34,58.93,287.0,234.8,839,126
2025-09-08,Vergalhão de Aço,2025,9,Inicio_Mes,0,63.6,60.68,289.7,226.6,1130,411
2025-09-09,Vergalhão de Aço,2025,9,Inicio_Mes,1,61.44,55.85,316.3,234.8,1676,475
2025-09-10,Vergalhão de Aço,2025,9,Inicio_Mes,2,62.45,62.87,347.6,247.8,1845,353
2025-09-11,Vergalhão de Aço,2025,9,Meio_Mes,3,61.65,59.52,330.0,251.0,1656,260
2025-09-12,Vergalhão de Aço,2025,9,Meio_Mes,4,61.94,57.24,313.1,249.2,1139,306
2025-09-13,Vergalhão de Aço,2025,9,Meio_Mes,5,62.28,56.66,294.1,249.4,1678,117
2025-09-14,Vergalhão de Aço,2025,9,Meio_Mes,6,63.35,62.63,292.6,247.4,1380,80
2025-09-15,Vergalhão de Aço,2025,9,Meio_Mes,0,62.43,70.92,286.0,244.7,680,164
2025-09-16,Vergalhão de Aço,2025,9,Meio_Mes,1,60.98,60.2,250.7,245.5,1340,281
2025-09-17,Vergalhão de Aço,2025,9,Meio_Mes,2,62.51,73.69,223.0,253.0,782,115
2025-09-18,Vergalhão de Aço,2025,9,Meio_Mes,3,60.78,54.33,189.0,249.8,814,354
2025-09-19,Vergalhão de Aço,2025,9,Meio_Mes,4,61.22,65.56,202.4,251.7,1253,170
2025-09-20,Vergalhão de Aço,2025,9,Meio_Mes,5,59.74,62.48,183.0,249.2,1377,62
2025-09-21,Vergalhão de Aço,2025,9,Fim_Mes,6,61.76,63.78,175.1,244.6,1369,49
2025-09-22,Vergalhão de Aço,2025,9,Fim_Mes,0,62.67,53.79,170.7,240.2,1079,345
2025-09-23,Vergalhão de Aço,2025,9,Fim_Mes,1,62.24,58.27,196.6,249.7,1538,279
2025-09-24,Vergalhão de Aço,2025,9,Fim_Mes,2,63.45,69.32,196.3,256.0,1423,154
2025-09-25,Vergalhão de Aço,2025,9,Fim_Mes,3,60.49,56.63,201.9,250.5,1165,234
2025-09-26,Vergalhão de Aço,2025,9,Fim_Mes,4,62.18,58.77,184.7,245.7,608,242
2025-09-27,Vergalhão de Aço,2025,9,Fim_Mes,5,59.57,65.08,195.0,243.0,632,47
2025-09-28,Vergalhão de Aço,2025,9,Fim_Mes,6,62.46,56.69,192.9,235.2,1236,95
2025-09-29,Vergalhão de Aço,2025,9,Fim_Mes,0,61.94,63.9,199.4,227.6,1149,182
2025-09-30,Vergalhão de Aço,2025,9,Fim_Mes,1,62.76,57.41,176.1,230.3,630,280
2025-10-01,Vergalhão de Aço,2025,10,Inicio_Mes,2,61.85,70.75,176.3,236.1,1405,184
2025-10-02,Vergalhão de Aço,2025,10,Inicio_Mes,3,61.19,67.15,180.6,234.7,1832,193
2025-10-03,Vergalhão de Aço,2025,10,Inicio_Mes,4,59.99,56.31,174.7,232.6,868,323
2025-10-04,Vergalhão de Aço,2025,10,Inicio_Mes,5,60.47,62.48,186.3,227.5,1393,73
2025-10-05,Vergalhão de Aço,2025,10,Inicio_Mes,6,63.65,55.82,190.0,217.4,718,133
2025-10-06,Vergalhão de Aço,2025,10,Inicio_Mes,0,61.41,56.54,195.4,207.2,982,377
2025-10-07,Vergalhão de Aço,2025,10,Inicio_Mes,1,62.72,53.6,223.3,215.5,1476,490
2025-10-08,Vergalhão de Aço,2025,10,Inicio_Mes,2,62.46,72.32,253.3,227.6,627,167
2025-10-09,Vergalhão de Aço,2025,10,Inicio_Mes,3,63.85,68.24,250.9,219.5,1516,188
2025-10-10,Vergalhão de Aço,2025,10,Inicio_Mes,4,59.92,68.33,250.1,209.9,666,161
2025-10-11,Vergalhão de Aço,2025,10,Meio_Mes,5,61.39,57.37,227.0,203.5,897,89
2025-10-12,Vergalhão de Aço,2025,10,Meio_Mes,6,63.34,58.84,229.3,197.8,1623,93
2025-10-13,Vergalhão de Aço,2025,10,Meio_Mes,0,59.93,59.06,223.6,190.7,883,246
2025-10-14,Vergalhão de Aço,2025,10,Meio_Mes,1,60.81,70.44,204.9,195.0,1009,128
2025-10-15,Vergalhão de Aço,2025,10,Meio_Mes,2,61.51,66.32,153.1,196.6,1903,176
2025-10-16,Vergalhão de Aço,2025,10,Meio_Mes,3,59.45,63.71,154.4,197.0,1584,150
2025-10-17,Vergalhão de Aço,2025,10,Meio_Mes,4,58.91,59.88,149.0,192.6,1021,190
2025-10-18,Vergalhão de Aço,2025,10,Meio_Mes,5,62.68,68.69,153.1,195.1,913,42
2025-10-19,Vergalhão de Aço,2025,10,Meio_Mes,6,58.54,53.6,146.4,184.7,1657,92
2025-10-20,Vergalhão de Aço,2025,10,Meio_Mes,0,59.99,65.86,146.3,182.1,1810,165
2025-10-21,Vergalhão de Aço,2025,10,Fim_Mes,1,59.78,69.68,134.7,185.6,1108,102
2025-10-22,Vergalhão de Aço,2025,10,Fim_Mes,2,59.51,60.13,131.0,187.3,747,170
2025-10-23,Vergalhão de Aço,2025,10,Fim_Mes,3,59.04,65.94,130.1,181.5,1781,94
2025-10-24,Vergalhão de Aço,2025,10,Fim_Mes,4,60.83,68.91,122.1,175.3,1632,94
2025-10-25,Vergalhão de Aço,2025,10,Fim_Mes,5,60.34,70.11,108.4,173.3,1521,25
2025-10-26,Vergalhão de Aço,2025,10,Fim_Mes,6,59.73,63.5,106.0,166.4,1289,27
2025-10-27,Vergalhão de Aço,2025,10,Fim_Mes,0,59.2,66.0,96.7,159.2,1762,112
2025-10-28,Vergalhão de Aço,2025,10,Fim_Mes,1,60.94,66.92,89.1,161.4,1696,115
2025-10-29,Vergalhão de Aço,2025,10,Fim_Mes,2,59.26,67.16,91.0,162.0,777,114
2025-10-30,Vergalhão de Aço,2025,10,Fim_Mes,3,60.55,65.01,83.0,159.8,940,129
2025-10-31,Vergalhão de Aço,2025,10,Fim_Mes,4,59.16,51.33,88.0,154.7,1568,256
2025-11-01,Vergalhão de Aço,2025,11,Inicio_Mes,5,60.54,59.12,111.1,157.1,827,83
2025-11-02,Vergalhão de Aço,2025,11,Inicio_Mes,6,59.25,54.06,119.4,153.5,1572,117
2025-11-03,Vergalhão de Aço,2025,11,Inicio_Mes,0,61.87,62.0,132.3,146.6,1718,242
2025-11-04,Vergalhão de Aço,2025,11,Inicio_Mes,1,59.47,52.62,150.9,152.2,1732,373
2025-11-05,Vergalhão de Aço,2025,11,Inicio_Mes,2,60.18,58.36,187.7,160.2,1787,279
2025-11-06,Vergalhão de Aço,2025,11,Inicio_Mes,3,57.97,57.08,211.3,157.0,1796,227
2025-11-07,Vergalhão de Aço,2025,11,Inicio_Mes,4,59.81,56.18,225.3,148.2,935,277
2025-11-08,Vergalhão de Aço,2025,11,Inicio_Mes,5,58.29,64.46,228.3,151.9,1130,56
2025-11-09,Vergalhão de Aço,2025,11,Inicio_Mes,6,58.86,57.2,224.4,147.5,1082,86
2025-11-10,Vergalhão de Aço,2025,11,Inicio_Mes,0,58.59,58.32,220.0,145.0,1787,226
2025-11-11,Vergalhão de Aço,2025,11,Meio_Mes,1,61.99,55.52,217.7,149.5,1926,291
2025-11-12,Vergalhão de Aço,2025,11,Meio_Mes,2,57.86,61.84,206.0,156.1,1403,144
2025-11-13,Vergalhão de Aço,2025,11,Meio_Mes,3,56.05,62.16,186.7,152.7,864,94
2025-11-14,Vergalhão de Aço,2025,11,Meio_Mes,4,58.47,57.78,167.7,151.6,1218,180
2025-11-15,Vergalhão de Aço,2025,11,Meio_Mes,5,58.81,59.94,153.9,151.7,1033,48
2025-11-16,Vergalhão de Aço,2025,11,Meio_Mes,6,58.64,56.52,152.7,148.3,673,65
2025-11-17,Vergalhão de Aço,2025,11,Meio_Mes,0,57.18,52.75,149.7,144.2,600,225
2025-11-18,Vergalhão de Aço,2025,11,Meio_Mes,1,56.69,50.44,149.6,150.3,691,276
2025-11-19,Vergalhão de Aço,2025,11,Meio_Mes,2,57.83,57.37,147.4,156.4,760,191
2025-11-20,Vergalhão de Aço,2025,11,Meio_Mes,3,54.8,53.36,154.1,157.3,1438,181
2025-11-21,Vergalhão de Aço,2025,11,Fim_Mes,4,56.59,48.77,166.6,159.9,1942,218
2025-11-22,Vergalhão de Aço,2025,11,Fim_Mes,5,58.68,56.49,172.0,161.5,1199,50
2025-11-23,Vergalhão de Aço,2025,11,Fim_Mes,6,57.25,64.94,172.3,160.0,1769,48
2025-11-24,Vergalhão de Aço,2025,11,Fim_Mes,0,57.38,57.92,169.9,158.5,1932,143
2025-11-25,Vergalhão de Aço,2025,11,Fim_Mes,1,56.02,57.57,158.1,162.4,1939,142
2025-11-26,Vergalhão de Aço,2025,11,Fim_Mes,2,55.75,47.52,139.0,166.3,1144,264
2025-11-27,Vergalhão de Aço,2025,11,Fim_Mes,3,57.62,55.39,149.4,171.3,1717,145
2025-11-28,Vergalhão de Aço,2025,11,Fim_Mes,4,55.85,48.73,144.3,172.3,852,199
2025-11-29,Vergalhão de Aço,2025,11,Fim_Mes,5,54.62,53.95,141.6,175.2,1108,54
2025-11-30,Vergalhão de Aço,2025,11,Fim_Mes,6,54.2,47.98,142.1,172.7,1887,71
2025-12-01,Vergalhão de Aço,2025,12,Inicio_Mes,0,56.41,53.5,145.4,166.5,1032,242
2025-12-02,Vergalhão de Aço,2025,12,Inicio_Mes,1,57.08,50.83,159.6,171.8,1457,297
2025-12-03,Vergalhão de Aço,2025,12,Inicio_Mes,2,56.69,49.64,181.7,177.8,1889,331
2025-12-04,Vergalhão de Aço,2025,12,Inicio_Mes,3,57.11,51.72,191.3,180.8,1752,248
2025-12-05,Vergalhão de Aço,2025,12,Inicio_Mes,4,56.38,62.24,206.0,176.6,1861,120
2025-12-06,Vergalhão de Aço,2025,12,Inicio_Mes,5,56.14,52.98,194.7,171.3,990,82
2025-12-07,Vergalhão de Aço,2025,12,Inicio_Mes,6,54.65,56.27,198.7,166.5,815,44
2025-12-08,Vergalhão de Aço,2025,12,Inicio_Mes,0,55.19,52.56,194.9,158.7,1279,247
2025-12-09,Vergalhão de Aço,2025,12,Inicio_Mes,1,56.98,60.57,195.6,165.1,810,169
2025-12-10,Vergalhão de Aço,2025,12,Inicio_Mes,2,55.17,53.76,177.3,167.8,1158,224
2025-12-11,Vergalhão de Aço,2025,12,Meio_Mes,3,55.7,50.64,162.0,167.8,1129,190
2025-12-12,Vergalhão de Aço,2025,12,Meio_Mes,4,55.65,65.32,153.7,164.4,1115,76
2025-12-13,Vergalhão de Aço,2025,12,Meio_Mes,5,55.31,58.47,147.4,162.1,859,51
2025-12-14,Vergalhão de Aço,2025,12,Meio_Mes,6,57.47,50.16,143.0,160.7,1051,84
2025-12-15,Vergalhão de Aço,2025,12,Meio_Mes,0,57.28,55.42,148.7,157.5,800,162
2025-12-16,Vergalhão de Aço,2025,12,Meio_Mes,1,57.5,56.13,136.6,161.3,778,173
2025-12-17,Vergalhão de Aço,2025,12,Meio_Mes,2,55.31,52.49,137.1,164.9,1467,182
2025-12-18,Vergalhão de Aço,2025,12,Meio_Mes,3,57.92,56.16,131.1,163.5,1712,161
2025-12-19,Vergalhão de Aço,2025,12,Meio_Mes,4,55.85,62.23,127.0,159.6,843,78
2025-12-20,Vergalhão de Aço,2025,12,Meio_Mes,5,57.55,49.4,127.3,155.9,1531,74
2025-12-21,Vergalhão de Aço,2025,12,Fim_Mes,6,55.59,58.44,130.6,152.3,925,32
2025-12-22,Vergalhão de Aço,2025,12,Fim_Mes,0,55.17,49.57,123.1,146.1,1002,179
2025-12-23,Vergalhão de Aço,2025,12,Fim_Mes,1,56.03,49.9,125.6,150.4,1015,184
2025-12-24,Vergalhão de Aço,2025,12,Fim_Mes,2,56.43,64.44,127.1,154.9,1347,90
2025-12-25,Vergalhão de Aço,2025,12,Fim_Mes,3,54.42,49.24,114.0,153.2,1837,157
2025-12-26,Vergalhão de Aço,2025,12,Fim_Mes,4,54.79,60.31,113.4,153.7,1057,63
2025-12-27,Vergalhão de Aço,2025,12,Fim_Mes,5,57.22,49.57,111.3,147.0,947,67
2025-12-28,Vergalhão de Aço,2025,12,Fim_Mes,6,54.32,59.51,110.3,144.4,1840,27
2025-12-29,Vergalhão de Aço,2025,12,Fim_Mes,0,53.98,63.01,109.6,138.6,1200,61
2025-12-30,Vergalhão de Aço,2025,12,Fim_Mes,1,53.6,61.65,92.7,138.9,1368,72
2025-12-31,Vergalhão de Aço,2025,12,Fim_Mes,2,57.04,54.92,76.7,138.9,1185,149
2023-01-01,Tela de Aço,2023,1,Inicio_Mes,6,136.92,152.25,90.0,90.0,997,27
2023-01-02,Tela de Aço,2023,1,Inicio_Mes,0,142.08,158.52,90.0,90.0,928,72
2023-01-03,Tela de Aço,2023,1,Inicio_Mes,1,136.92,134.54,90.0,90.0,805,99
2023-01-04,Tela de Aço,2023,1,Inicio_Mes,2,143.15,138.54,90.0,90.0,777,103
2023-01-05,Tela de Aço,2023,1,Inicio_Mes,3,140.53,144.76,90.0,90.0,466,73
2023-01-06,Tela de Aço,2023,1,Inicio_Mes,4,141.93,143.24,90.0,90.0,475,77
2023-01-07,Tela de Aço,2023,1,Inicio_Mes,5,139.13,140.07,90.0,90.0,966,32
2023-01-08,Tela de Aço,2023,1,Inicio_Mes,6,144.72,135.06,69.0,90.0,641,38
2023-01-09,Tela de Aço,2023,1,Inicio_Mes,0,139.09,118.27,70.6,90.0,348,140
2023-01-10,Tela de Aço,2023,1,Inicio_Mes,1,142.69,147.22,80.3,90.0,430,89
2023-01-11,Tela de Aço,2023,1,Meio_Mes,2,142.11,155.09,78.9,90.0,874,63
2023-01-12,Tela de Aço,2023,1,Meio_Mes,3,140.64,135.4,73.1,90.0,786,73
2023-01-13,Tela de Aço,2023,1,Meio_Mes,4,139.72,156.37,73.1,90.0,750,43
2023-01-14,Tela de Aço,2023,1,Meio_Mes,5,139.25,157.63,68.3,90.0,564,5
2023-01-15,Tela de Aço,2023,1,Meio_Mes,6,142.59,129.76,64.4,90.0,629,32
2023-01-16,Tela de Aço,2023,1,Meio_Mes,0,142.73,146.54,63.6,90.0,777,64
2023-01-17,Tela de Aço,2023,1,Meio_Mes,1,139.91,120.84,52.7,90.0,551,104
2023-01-18,Tela de Aço,2023,1,Meio_Mes,2,144.79,154.94,54.9,90.0,633,61
2023-01-19,Tela de Aço,2023,1,Meio_Mes,3,142.03,132.86,54.6,90.0,358,79
2023-01-20,Tela de Aço,2023,1,Meio_Mes,4,140.4,133.37,55.4,90.0,703,76
2023-01-21,Tela de Aço,2023,1,Fim_Mes,5,147.83,133.77,60.1,90.0,593,30
2023-01-22,Tela de Aço,2023,1,Fim_Mes,6,143.4,156.32,63.7,90.0,984,15
2023-01-23,Tela de Aço,2023,1,Fim_Mes,0,144.02,131.54,61.3,90.0,800,81
2023-01-24,Tela de Aço,2023,1,Fim_Mes,1,146.55,148.25,63.7,90.0,700,64
2023-01-25,Tela de Aço,2023,1,Fim_Mes,2,143.62,131.44,58.0,90.0,899,65
2023-01-26,Tela de Aço,2023,1,Fim_Mes,3,148.42,147.6,58.6,90.0,519,49
2023-01-27,Tela de Aço,2023,1,Fim_Mes,4,137.81,159.56,54.3,90.0,984,36
2023-01-28,Tela de Aço,2023,1,Fim_Mes,5,137.71,150.55,48.6,90.0,346,14
2023-01-29,Tela de Aço,2023,1,Fim_Mes,6,137.81,159.0,46.3,90.0,328,10
2023-01-30,Tela de Aço,2023,1,Fim_Mes,0,148.21,149.7,45.6,90.0,381,58
2023-01-31,Tela de Aço,2023,1,Fim_Mes,1,143.86,151.44,42.3,59.1,490,52
2023-02-01,Tela de Aço,2023,2,Inicio_Mes,2,136.46,119.36,40.6,59.9,396,140
2023-02-02,Tela de Aço,2023,2,Inicio_Mes,3,142.69,130.47,51.3,62.2,683,117
2023-02-03,Tela de Aço,2023,2,Inicio_Mes,4,141.43,121.92,61.0,62.8,357,130
2023-02-04,Tela de Aço,2023,2,Inicio_Mes,5,144.03,162.54,74.4,63.7,508,20
2023-02-05,Tela de Aço,2023,2,Inicio_Mes,6,142.92,142.66,75.3,61.9,735,32
2023-02-06,Tela de Aço,2023,2,Inicio_Mes,0,139.32,132.93,78.4,60.4,396,118
2023-02-07,Tela de Aço,2023,2,Inicio_Mes,1,142.35,157.01,87.0,63.3,1015,75
2023-02-08,Tela de Aço,2023,2,Inicio_Mes,2,149.0,140.67,90.3,64.5,774,123
2023-02-09,Tela de Aço,2023,2,Inicio_Mes,3,141.47,155.63,87.9,63.9,522,55
2023-02-10,Tela de Aço,2023,2,Inicio_Mes,4,146.13,126.92,79.0,62.8,669,129
2023-02-11,Tela de Aço,2023,2,Meio_Mes,5,145.32,149.73,78.9,65.0,499,26
2023-02-12,Tela de Aço,2023,2,Meio_Mes,6,147.37,152.46,79.7,63.4,690,21
2023-02-13,Tela de Aço,2023,2,Meio_Mes,0,144.55,151.64,78.1,62.7,377,69
2023-02-14,Tela de Aço,2023,2,Meio_Mes,1,146.13,151.97,71.1,64.8,410,70
2023-02-15,Tela de Aço,2023,2,Meio_Mes,2,148.92,146.55,70.4,66.1,953,84
2023-02-16,Tela de Aço,2023,2,Meio_Mes,3,146.96,155.15,64.9,66.8,414,60
2023-02-17,Tela de Aço,2023,2,Meio_Mes,4,142.16,163.47,65.6,65.3,867,42
2023-02-18,Tela de Aço,2023,2,Meio_Mes,5,141.61,128.97,53.1,64.7,864,37
2023-02-19,Tela de Aço,2023,2,Meio_Mes,6,140.64,148.16,54.7,63.3,349,20
2023-02-20,Tela de Aço,2023,2,Meio_Mes,0,143.87,129.31,54.6,61.4,1028,95
2023-02-21,Tela de Aço,2023,2,Fim_Mes,1,143.77,131.86,58.3,63.6,873,78
2023-02-22,Tela de Aço,2023,2,Fim_Mes,2,149.44,128.06,59.4,65.7,344,83
2023-02-23,Tela de Aço,2023,2,Fim_Mes,3,148.39,169.48,59.3,65.7,382,36
2023-02-24,Tela de Aço,2023,2,Fim_Mes,4,147.09,143.86,55.9,64.8,917,59
2023-02-25,Tela de Aço,2023,2,Fim_Mes,5,141.63,164.23,58.3,64.6,518,19
2023-02-26,Tela de Aço,2023,2,Fim_Mes,6,148.01,163.19,55.7,63.6,989,10
2023-02-27,Tela de Aço,2023,2,Fim_Mes,0,146.17,159.87,54.3,62.7,365,45
2023-02-28,Tela de Aço,2023,2,Fim_Mes,1,140.31,133.36,47.1,63.8,1027,69
2023-03-01,Tela de Aço,2023,3,Inicio_Mes,2,148.1,173.62,45.9,65.7,591,78
2023-03-02,Tela de Aço,2023,3,Inicio_Mes,3,143.46,163.11,45.1,66.4,450,78
2023-03-03,Tela de Aço,2023,3,Inicio_Mes,4,147.34,144.38,51.1,67.3,757,109
2023-03-04,Tela de Aço,2023,3,Inicio_Mes,5,148.57,137.48,58.3,66.2,362,45
2023-03-05,Tela de Aço,2023,3,Inicio_Mes,6,143.29,129.74,62.0,63.8,575,42
2023-03-06,Tela de Aço,2023,3,Inicio_Mes,0,142.16,148.2,66.6,60.9,956,107
2023-03-07,Tela de Aço,2023,3,Inicio_Mes,1,144.56,154.59,75.4,63.8,621,94
2023-03-08,Tela de Aço,2023,3,Inicio_Mes,2,141.55,143.89,79.0,65.9,325,119
2023-03-09,Tela de Aço,2023,3,Inicio_Mes,3,146.39,126.29,84.9,65.9,585,162
2023-03-10,Tela de Aço,2023,3,Inicio_Mes,4,143.14,145.38,96.9,68.8,975,103
2023-03-11,Tela de Aço,2023,3,Meio_Mes,5,144.85,161.26,96.0,68.1,942,29
2023-03-12,Tela de Aço,2023,3,Meio_Mes,6,138.8,135.66,93.7,67.3,1016,20
2023-03-13,Tela de Aço,2023,3,Meio_Mes,0,141.41,160.47,90.6,63.6,666,65
2023-03-14,Tela de Aço,2023,3,Meio_Mes,1,142.9,141.14,84.6,64.9,951,93
2023-03-15,Tela de Aço,2023,3,Meio_Mes,2,143.94,148.84,84.4,67.3,359,81
2023-03-16,Tela de Aço,2023,3,Meio_Mes,3,142.35,134.66,79.0,67.7,657,97
2023-03-17,Tela de Aço,2023,3,Meio_Mes,4,140.94,128.76,69.7,68.6,412,107
2023-03-18,Tela de Aço,2023,3,Meio_Mes,5,144.67,145.49,70.3,69.4,483,26
2023-03-19,Tela de Aço,2023,3,Meio_Mes,6,140.42,162.91,69.9,68.3,566,15
2023-03-20,Tela de Aço,2023,3,Meio_Mes,0,141.53,128.67,69.1,67.4,961,121
2023-03-21,Tela de Aço,2023,3,Fim_Mes,1,146.36,171.92,77.1,70.2,356,43
2023-03-22,Tela de Aço,2023,3,Fim_Mes,2,141.92,133.83,70.0,70.9,452,84
2023-03-23,Tela de Aço,2023,3,Fim_Mes,3,139.63,140.24,70.4,70.6,756,66
2023-03-24,Tela de Aço,2023,3,Fim_Mes,4,139.59,154.74,66.0,70.2,327,46
2023-03-25,Tela de Aço,2023,3,Fim_Mes,5,141.62,140.61,57.3,68.9,705,25
2023-03-26,Tela de Aço,2023,3,Fim_Mes,6,133.72,152.82,57.1,68.6,963,14
2023-03-27,Tela de Aço,2023,3,Fim_Mes,0,143.12,165.43,57.0,67.1,1012,41
2023-03-28,Tela de Aço,2023,3,Fim_Mes,1,131.57,123.93,45.6,67.8,1010,90
2023-03-29,Tela de Aço,2023,3,Fim_Mes,2,140.32,132.36,52.3,70.5,520,82
2023-03-30,Tela de Aço,2023,3,Fim_Mes,3,139.73,122.58,52.0,71.7,431,89
2023-03-31,Tela de Aço,2023,3,Fim_Mes,4,140.56,131.48,55.3,72.4,547,65
2023-04-01,Tela de Aço,2023,4,Inicio_Mes,5,138.27,161.63,58.0,71.9,1000,27
2023-04-02,Tela de Aço,2023,4,Inicio_Mes,6,140.95,162.12,58.3,70.2,324,21
2023-04-03,Tela de Aço,2023,4,Inicio_Mes,0,138.64,118.49,59.3,67.3,505,222
2023-04-04,Tela de Aço,2023,4,Inicio_Mes,1,143.41,156.6,85.1,73.2,1036,111
2023-04-05,Tela de Aço,2023,4,Inicio_Mes,2,138.95,142.56,88.1,75.5,612,128
2023-04-06,Tela de Aço,2023,4,Inicio_Mes,3,137.81,144.57,94.7,76.2,483,117
2023-04-07,Tela de Aço,2023,4,Inicio_Mes,4,142.76,145.62,98.7,77.0,1033,124
2023-04-08,Tela de Aço,2023,4,Inicio_Mes,5,133.03,146.97,107.1,77.1,442,41
2023-04-09,Tela de Aço,2023,4,Inicio_Mes,6,132.83,131.83,109.1,73.1,882,42
2023-04-10,Tela de Aço,2023,4,Inicio_Mes,0,140.92,146.59,112.1,71.1,566,130
2023-04-11,Tela de Aço,2023,4,Meio_Mes,1,135.06,124.8,99.0,74.4,683,142
2023-04-12,Tela de Aço,2023,4,Meio_Mes,2,136.91,136.5,103.4,78.5,1016,123
2023-04-13,Tela de Aço,2023,4,Meio_Mes,3,139.2,124.73,102.7,80.4,729,133
2023-04-14,Tela de Aço,2023,4,Meio_Mes,4,136.66,148.54,105.0,81.8,587,82
2023-04-15,Tela de Aço,2023,4,Meio_Mes,5,135.54,132.85,99.0,81.8,944,34
2023-04-16,Tela de Aço,2023,4,Meio_Mes,6,137.68,160.95,98.0,79.7,639,21
2023-04-17,Tela de Aço,2023,4,Meio_Mes,0,136.17,146.65,95.0,76.8,516,82
2023-04-18,Tela de Aço,2023,4,Meio_Mes,1,134.79,130.29,88.1,78.7,547,121
2023-04-19,Tela de Aço,2023,4,Meio_Mes,2,129.37,118.17,85.1,82.2,542,143
2023-04-20,Tela de Aço,2023,4,Meio_Mes,3,134.55,134.11,88.0,83.0,735,102
2023-04-21,Tela de Aço,2023,4,Fim_Mes,4,137.74,144.68,83.6,84.9,383,72
2023-04-22,Tela de Aço,2023,4,Fim_Mes,5,133.08,139.3,82.1,84.5,852,26
2023-04-23,Tela de Aço,2023,4,Fim_Mes,6,135.55,116.58,81.0,83.2,927,41
2023-04-24,Tela de Aço,2023,4,Fim_Mes,0,129.87,116.12,83.9,83.0,1006,120
2023-04-25,Tela de Aço,2023,4,Fim_Mes,1,137.11,141.19,89.3,86.2,410,75
2023-04-26,Tela de Aço,2023,4,Fim_Mes,2,130.88,120.47,82.7,88.2,616,109
2023-04-27,Tela de Aço,2023,4,Fim_Mes,3,130.74,126.95,77.9,90.5,601,89
2023-04-28,Tela de Aço,2023,4,Fim_Mes,4,131.52,114.74,76.0,90.5,548,116
2023-04-29,Tela de Aço,2023,4,Fim_Mes,5,133.21,147.42,82.3,91.6,937,14
2023-04-30,Tela de Aço,2023,4,Fim_Mes,6,131.8,141.92,80.6,89.1,545,28
2023-05-01,Tela de Aço,2023,5,Inicio_Mes,0,133.2,113.65,78.7,87.9,614,258
2023-05-02,Tela de Aço,2023,5,Inicio_Mes,1,136.0,149.99,98.4,95.6,538,124
2023-05-03,Tela de Aço,2023,5,Inicio_Mes,2,130.85,130.5,105.4,99.0,843,177
2023-05-04,Tela de Aço,2023,5,Inicio_Mes,3,134.23,141.1,115.1,97.5,978,126
2023-05-05,Tela de Aço,2023,5,Inicio_Mes,4,133.53,138.54,120.4,98.0,517,133
2023-05-06,Tela de Aço,2023,5,Inicio_Mes,5,126.41,131.61,122.9,98.2,960,48
2023-05-07,Tela de Aço,2023,5,Inicio_Mes,6,137.36,140.27,127.7,95.9,356,55
2023-05-08,Tela de Aço,2023,5,Inicio_Mes,0,131.75,125.48,131.6,93.6,450,188
2023-05-09,Tela de Aço,2023,5,Inicio_Mes,1,126.15,117.97,121.6,98.5,654,206
2023-05-10,Tela de Aço,2023,5,Inicio_Mes,2,132.79,117.53,133.3,103.9,878,240
2023-05-11,Tela de Aço,2023,5,Meio_Mes,3,133.22,118.25,142.3,107.6,783,162
2023-05-12,Tela de Aço,2023,5,Meio_Mes,4,132.27,140.64,147.4,108.3,650,103
2023-05-13,Tela de Aço,2023,5,Meio_Mes,5,129.98,137.89,143.1,107.6,378,35
2023-05-14,Tela de Aço,2023,5,Meio_Mes,6,126.56,130.36,141.3,104.3,416,36
2023-05-15,Tela de Aço,2023,5,Meio_Mes,0,134.05,121.17,138.6,102.8,395,174
2023-05-16,Tela de Aço,2023,5,Meio_Mes,1,124.71,110.4,136.6,107.5,787,191
2023-05-17,Tela de Aço,2023,5,Meio_Mes,2,131.64,139.09,134.4,113.1,374,112
2023-05-18,Tela de Aço,2023,5,Meio_Mes,3,129.5,121.19,116.1,114.1,597,137
2023-05-19,Tela de Aço,2023,5,Meio_Mes,4,131.55,148.06,112.6,114.7,831,84
2023-05-20,Tela de Aço,2023,5,Meio_Mes,5,132.02,124.2,109.9,112.7,780,48
2023-05-21,Tela de Aço,2023,5,Fim_Mes,6,128.62,148.83,111.7,110.9,337,17
2023-05-22,Tela de Aço,2023,5,Fim_Mes,0,134.08,150.97,109.0,109.1,1021,79
2023-05-23,Tela de Aço,2023,5,Fim_Mes,1,132.45,140.88,95.4,110.8,412,93
2023-05-24,Tela de Aço,2023,5,Fim_Mes,2,130.76,112.87,81.4,112.6,580,159
2023-05-25,Tela de Aço,2023,5,Fim_Mes,3,132.62,132.83,88.1,113.9,359,95
2023-05-26,Tela de Aço,2023,5,Fim_Mes,4,128.23,148.29,82.1,114.5,781,49
2023-05-27,Tela de Aço,2023,5,Fim_Mes,5,131.91,115.0,77.1,112.5,1020,40
2023-05-28,Tela de Aço,2023,5,Fim_Mes,6,130.25,125.98,76.0,110.9,811,27
2023-05-29,Tela de Aço,2023,5,Fim_Mes,0,134.73,126.44,77.4,107.9,547,130
2023-05-30,Tela de Aço,2023,5,Fim_Mes,1,132.29,114.18,84.7,111.8,750,151
2023-05-31,Tela de Aço,2023,5,Fim_Mes,2,126.47,110.71,93.0,115.9,802,140
2023-06-01,Tela de Aço,2023,6,Inicio_Mes,3,129.93,128.5,90.3,112.0,923,176
2023-06-02,Tela de Aço,2023,6,Inicio_Mes,4,130.59,134.73,101.9,113.7,458,155
2023-06-03,Tela de Aço,2023,6,Inicio_Mes,5,133.14,115.31,117.0,113.0,927,92
2023-06-04,Tela de Aço,2023,6,Inicio_Mes,6,126.36,130.19,124.4,111.8,385,52
2023-06-05,Tela de Aço,2023,6,Inicio_Mes,0,133.13,121.36,128.0,109.1,455,250
2023-06-06,Tela de Aço,2023,6,Inicio_Mes,1,135.08,115.6,145.1,115.9,355,281
2023-06-07,Tela de Aço,2023,6,Inicio_Mes,2,135.51,129.79,163.7,123.4,571,216
2023-06-08,Tela de Aço,2023,6,Inicio_Mes,3,127.85,109.8,174.6,124.3,849,252
2023-06-09,Tela de Aço,2023,6,Inicio_Mes,4,135.54,148.38,185.4,125.9,806,137
2023-06-10,Tela de Aço,2023,6,Inicio_Mes,5,130.79,116.61,182.9,122.4,413,77
2023-06-11,Tela de Aço,2023,6,Meio_Mes,6,134.87,157.49,180.7,119.6,772,31
2023-06-12,Tela de Aço,2023,6,Meio_Mes,0,133.56,140.78,177.7,117.2,882,132
2023-06-13,Tela de Aço,2023,6,Meio_Mes,1,135.15,117.38,160.9,120.4,858,214
2023-06-14,Tela de Aço,2023,6,Meio_Mes,2,131.7,139.78,151.3,126.4,546,127
2023-06-15,Tela de Aço,2023,6,Meio_Mes,3,129.83,140.87,138.6,124.8,446,103
2023-06-16,Tela de Aço,2023,6,Meio_Mes,4,133.2,153.43,117.3,121.9,472,77
2023-06-17,Tela de Aço,2023,6,Meio_Mes,5,134.63,136.68,108.7,120.7,976,42
2023-06-18,Tela de Aço,2023,6,Meio_Mes,6,134.74,124.88,103.7,117.5,432,53
2023-06-19,Tela de Aço,2023,6,Meio_Mes,0,136.19,149.69,106.9,116.5,542,119
2023-06-20,Tela de Aço,2023,6,Meio_Mes,1,128.02,150.39,105.0,118.9,530,84
2023-06-21,Tela de Aço,2023,6,Fim_Mes,2,131.55,136.33,86.4,121.1,501,100
2023-06-22,Tela de Aço,2023,6,Fim_Mes,3,133.8,153.28,82.6,121.8,394,70
2023-06-23,Tela de Aço,2023,6,Fim_Mes,4,136.5,123.63,77.9,121.0,1017,136
2023-06-24,Tela de Aço,2023,6,Fim_Mes,5,136.61,146.63,86.3,120.3,537,30
2023-06-25,Tela de Aço,2023,6,Fim_Mes,6,133.37,117.46,84.6,118.1,423,48
2023-06-26,Tela de Aço,2023,6,Fim_Mes,0,134.72,149.88,83.9,118.1,421,81
2023-06-27,Tela de Aço,2023,6,Fim_Mes,1,136.38,124.8,78.4,119.4,390,143
2023-06-28,Tela de Aço,2023,6,Fim_Mes,2,134.29,143.21,86.9,123.3,706,102
2023-06-29,Tela de Aço,2023,6,Fim_Mes,3,139.11,147.11,87.1,122.4,511,93
2023-06-30,Tela de Aço,2023,6,Fim_Mes,4,135.93,155.51,90.4,120.4,730,66
2023-07-01,Tela de Aço,2023,7,Inicio_Mes,5,137.68,147.66,80.4,118.0,1025,48
2023-07-02,Tela de Aço,2023,7,Inicio_Mes,6,138.57,122.68,83.0,113.7,882,84
2023-07-03,Tela de Aço,2023,7,Inicio_Mes,0,136.14,144.05,88.1,111.3,629,171
2023-07-04,Tela de Aço,2023,7,Inicio_Mes,1,131.94,145.33,101.0,114.0,994,146
2023-07-05,Tela de Aço,2023,7,Inicio_Mes,2,138.22,129.02,101.4,117.1,368,237
2023-07-06,Tela de Aço,2023,7,Inicio_Mes,3,138.56,146.73,120.7,116.7,839,146
2023-07-07,Tela de Aço,2023,7,Inicio_Mes,4,140.07,120.36,128.3,112.2,590,253
2023-07-08,Tela de Aço,2023,7,Inicio_Mes,5,135.11,151.54,155.0,113.4,489,46
2023-07-09,Tela de Aço,2023,7,Inicio_Mes,6,135.16,141.47,154.7,106.5,397,63
2023-07-10,Tela de Aço,2023,7,Inicio_Mes,0,140.53,165.8,151.7,104.1,472,116
2023-07-11,Tela de Aço,2023,7,Meio_Mes,1,140.93,164.69,143.9,105.4,979,89
2023-07-12,Tela de Aço,2023,7,Meio_Mes,2,142.81,127.79,135.7,107.3,1023,204
2023-07-13,Tela de Aço,2023,7,Meio_Mes,3,137.39,129.1,131.0,109.7,907,157
2023-07-14,Tela de Aço,2023,7,Meio_Mes,4,137.19,132.1,132.6,107.8,1026,147
2023-07-15,Tela de Aço,2023,7,Meio_Mes,5,136.24,123.29,117.4,108.5,1030,72
2023-07-16,Tela de Aço,2023,7,Meio_Mes,6,138.14,120.61,121.1,107.4,360,72
2023-07-17,Tela de Aço,2023,7,Meio_Mes,0,140.51,162.5,122.4,107.3,677,94
2023-07-18,Tela de Aço,2023,7,Meio_Mes,1,139.63,151.34,119.3,109.0,846,125
2023-07-19,Tela de Aço,2023,7,Meio_Mes,2,139.1,147.49,124.4,111.4,370,121
2023-07-20,Tela de Aço,2023,7,Meio_Mes,3,142.09,167.49,112.6,111.5,661,71
2023-07-21,Tela de Aço,2023,7,Fim_Mes,4,140.03,155.83,100.3,111.0,748,84
2023-07-22,Tela de Aço,2023,7,Fim_Mes,5,140.41,147.35,91.3,110.5,773,38
2023-07-23,Tela de Aço,2023,7,Fim_Mes,6,138.19,121.73,86.4,109.4,332,52
2023-07-24,Tela de Aço,2023,7,Fim_Mes,0,140.46,129.19,83.6,106.6,849,154
2023-07-25,Tela de Aço,2023,7,Fim_Mes,1,141.79,128.13,92.1,110.8,1011,150
2023-07-26,Tela de Aço,2023,7,Fim_Mes,2,145.78,130.83,95.7,114.2,326,155
2023-07-27,Tela de Aço,2023,7,Fim_Mes,3,142.15,142.19,100.6,116.6,692,105
2023-07-28,Tela de Aço,2023,7,Fim_Mes,4,142.13,154.49,105.4,115.4,638,83
2023-07-29,Tela de Aço,2023,7,Fim_Mes,5,139.91,156.47,105.3,114.7,743,31
2023-07-30,Tela de Aço,2023,7,Fim_Mes,6,140.69,148.74,104.3,112.7,917,30
2023-07-31,Tela de Aço,2023,7,Fim_Mes,0,138.44,157.28,101.1,111.5,801,81
2023-08-01,Tela de Aço,2023,8,Inicio_Mes,1,140.99,129.34,90.7,112.6,771,227
2023-08-02,Tela de Aço,2023,8,Inicio_Mes,2,137.46,142.51,101.7,117.3,980,159
2023-08-03,Tela de Aço,2023,8,Inicio_Mes,3,142.56,154.99,102.3,116.9,742,138
2023-08-04,Tela de Aço,2023,8,Inicio_Mes,4,139.49,139.92,107.0,116.7,496,166
2023-08-05,Tela de Aço,2023,8,Inicio_Mes,5,142.79,166.24,118.9,114.3,703,41
2023-08-06,Tela de Aço,2023,8,Inicio_Mes,6,145.55,129.93,120.3,110.8,590,92
2023-08-07,Tela de Aço,2023,8,Inicio_Mes,0,144.42,144.05,129.1,105.4,880,188
2023-08-08,Tela de Aço,2023,8,Inicio_Mes,1,142.31,140.05,144.4,110.2,987,197
2023-08-09,Tela de Aço,2023,8,Inicio_Mes,2,142.21,145.15,140.1,114.6,380,185
2023-08-10,Tela de Aço,2023,8,Inicio_Mes,3,145.9,129.29,143.9,116.9,1015,223
2023-08-11,Tela de Aço,2023,8,Meio_Mes,4,145.53,135.49,156.0,121.4,836,152
2023-08-12,Tela de Aço,2023,8,Meio_Mes,5,146.21,153.93,154.0,119.7,962,45
2023-08-13,Tela de Aço,2023,8,Meio_Mes,6,143.75,133.97,154.6,115.9,1031,54
2023-08-14,Tela de Aço,2023,8,Meio_Mes,0,148.53,159.81,149.1,112.8,472,115
2023-08-15,Tela de Aço,2023,8,Meio_Mes,1,142.35,140.31,138.7,114.3,488,148
2023-08-16,Tela de Aço,2023,8,Meio_Mes,2,144.39,138.86,131.7,116.8,325,159
2023-08-17,Tela de Aço,2023,8,Meio_Mes,3,147.3,132.33,128.0,119.0,434,173
2023-08-18,Tela de Aço,2023,8,Meio_Mes,4,146.14,126.38,120.9,120.6,768,194
2023-08-19,Tela de Aço,2023,8,Meio_Mes,5,142.04,156.81,126.9,123.0,903,29
2023-08-20,Tela de Aço,2023,8,Meio_Mes,6,146.41,144.09,124.6,121.6,875,48
2023-08-21,Tela de Aço,2023,8,Fim_Mes,0,147.49,169.55,123.7,120.4,382,76
2023-08-22,Tela de Aço,2023,8,Fim_Mes,1,143.19,159.76,118.1,121.7,932,87
2023-08-23,Tela de Aço,2023,8,Fim_Mes,2,145.11,125.73,109.4,122.8,427,169
2023-08-24,Tela de Aço,2023,8,Fim_Mes,3,151.49,161.02,110.9,123.3,332,89
2023-08-25,Tela de Aço,2023,8,Fim_Mes,4,146.89,157.14,98.9,121.3,912,85
2023-08-26,Tela de Aço,2023,8,Fim_Mes,5,144.97,145.21,83.3,119.0,679,36
2023-08-27,Tela de Aço,2023,8,Fim_Mes,6,145.46,147.8,84.3,116.7,870,34
2023-08-28,Tela de Aço,2023,8,Fim_Mes,0,141.57,150.62,82.3,115.0,444,97
2023-08-29,Tela de Aço,2023,8,Fim_Mes,1,145.63,131.34,85.3,117.2,1012,159
2023-08-30,Tela de Aço,2023,8,Fim_Mes,2,142.61,150.72,95.6,121.5,502,100
2023-08-31,Tela de Aço,2023,8,Fim_Mes,3,146.18,171.48,85.7,122.2,681,66
2023-09-01,Tela de Aço,2023,9,Inicio_Mes,4,149.12,133.27,82.4,116.8,713,202
2023-09-02,Tela de Aço,2023,9,Inicio_Mes,5,142.24,140.52,99.1,118.2,934,57
2023-09-03,Tela de Aço,2023,9,Inicio_Mes,6,143.91,163.87,102.1,115.5,412,35
2023-09-04,Tela de Aço,2023,9,Inicio_Mes,0,143.02,150.98,102.3,111.2,576,148
2023-09-05,Tela de Aço,2023,9,Inicio_Mes,1,142.57,151.26,109.6,114.7,489,148
2023-09-06,Tela de Aço,2023,9,Inicio_Mes,2,146.18,130.37,108.0,116.6,943,234
2023-09-07,Tela de Aço,2023,9,Inicio_Mes,3,141.48,140.22,127.1,118.1,435,155
2023-09-08,Tela de Aço,2023,9,Inicio_Mes,4,146.96,130.05,139.9,116.7,684,212
2023-09-09,Tela de Aço,2023,9,Inicio_Mes,5,145.79,149.69,141.3,117.6,603,51
2023-09-10,Tela de Aço,2023,9,Inicio_Mes,6,143.83,144.65,140.4,111.9,673,60
2023-09-11,Tela de Aço,2023,9,Meio_Mes,0,144.54,142.11,144.0,108.8,559,140
2023-09-12,Tela de Aço,2023,9,Meio_Mes,1,151.25,140.46,142.9,112.0,891,160
2023-09-13,Tela de Aço,2023,9,Meio_Mes,2,137.74,121.93,144.6,115.5,491,181
2023-09-14,Tela de Aço,2023,9,Meio_Mes,3,143.05,129.56,137.0,117.7,651,153
2023-09-15,Tela de Aço,2023,9,Meio_Mes,4,144.56,149.2,136.7,117.9,576,98
2023-09-16,Tela de Aço,2023,9,Meio_Mes,5,144.47,140.79,120.4,115.9,505,45
2023-09-17,Tela de Aço,2023,9,Meio_Mes,6,142.18,156.49,119.6,111.6,468,25
2023-09-18,Tela de Aço,2023,9,Meio_Mes,0,146.68,141.07,114.6,106.0,725,145
2023-09-19,Tela de Aço,2023,9,Meio_Mes,1,144.39,125.22,115.3,109.8,933,188
2023-09-20,Tela de Aço,2023,9,Meio_Mes,2,143.25,138.43,119.3,114.5,840,144
2023-09-21,Tela de Aço,2023,9,Fim_Mes,3,143.95,128.37,114.0,116.8,448,124
2023-09-22,Tela de Aço,2023,9,Fim_Mes,4,139.7,127.78,109.9,118.0,999,118
2023-09-23,Tela de Aço,2023,9,Fim_Mes,5,141.67,163.58,112.7,116.3,712,23
2023-09-24,Tela de Aço,2023,9,Fim_Mes,6,144.2,153.92,109.6,114.1,1032,23
2023-09-25,Tela de Aço,2023,9,Fim_Mes,0,143.85,124.74,109.3,112.0,401,147
2023-09-26,Tela de Aço,2023,9,Fim_Mes,1,142.88,145.48,109.6,115.7,536,103
2023-09-27,Tela de Aço,2023,9,Fim_Mes,2,139.76,136.14,97.4,118.0,864,110
2023-09-28,Tela de Aço,2023,9,Fim_Mes,3,138.62,118.65,92.6,118.5,393,138
2023-09-29,Tela de Aço,2023,9,Fim_Mes,4,142.52,151.12,94.6,117.8,897,78
2023-09-30,Tela de Aço,2023,9,Fim_Mes,5,134.41,119.06,88.9,117.0,950,44
2023-10-01,Tela de Aço,2023,10,Inicio_Mes,6,138.65,141.29,91.9,116.3,670,47
2023-10-02,Tela de Aço,2023,10,Inicio_Mes,0,141.45,147.3,95.3,111.1,708,131
2023-10-03,Tela de Aço,2023,10,Inicio_Mes,1,142.16,127.22,93.0,113.6,921,201
2023-10-04,Tela de Aço,2023,10,Inicio_Mes,2,138.22,128.84,107.0,119.1,588,173
2023-10-05,Tela de Aço,2023,10,Inicio_Mes,3,139.1,136.94,116.0,120.0,1030,127
2023-10-06,Tela de Aço,2023,10,Inicio_Mes,4,139.49,121.08,114.4,119.3,922,184
2023-10-07,Tela de Aço,2023,10,Inicio_Mes,5,147.35,152.56,129.6,117.6,442,48
2023-10-08,Tela de Aço,2023,10,Inicio_Mes,6,136.95,143.23,130.1,114.0,471,36
2023-10-09,Tela de Aço,2023,10,Inicio_Mes,0,136.52,122.15,128.6,108.2,424,200
2023-10-10,Tela de Aço,2023,10,Inicio_Mes,1,140.91,156.17,138.4,113.1,994,114
2023-10-11,Tela de Aço,2023,10,Meio_Mes,2,135.59,126.14,126.0,114.9,926,139
2023-10-12,Tela de Aço,2023,10,Meio_Mes,3,135.58,156.41,121.1,114.9,788,72
2023-10-13,Tela de Aço,2023,10,Meio_Mes,4,135.21,132.88,113.3,112.0,356,96
2023-10-14,Tela de Aço,2023,10,Meio_Mes,5,134.32,131.95,100.7,109.1,572,38
2023-10-15,Tela de Aço,2023,10,Meio_Mes,6,138.88,125.08,99.3,105.3,583,50
2023-10-16,Tela de Aço,2023,10,Meio_Mes,0,133.96,149.16,101.3,103.7,829,80
2023-10-17,Tela de Aço,2023,10,Meio_Mes,1,135.2,119.64,84.1,104.9,772,150
2023-10-18,Tela de Aço,2023,10,Meio_Mes,2,134.92,140.44,89.3,109.0,976,106
2023-10-19,Tela de Aço,2023,10,Meio_Mes,3,132.61,129.29,84.6,107.7,927,107
2023-10-20,Tela de Aço,2023,10,Meio_Mes,4,139.63,158.63,89.6,105.0,963,73
2023-10-21,Tela de Aço,2023,10,Fim_Mes,5,140.28,154.28,86.3,102.7,756,23
2023-10-22,Tela de Aço,2023,10,Fim_Mes,6,136.71,148.69,84.1,99.3,382,20
2023-10-23,Tela de Aço,2023,10,Fim_Mes,0,131.7,126.61,79.9,96.0,333,97
2023-10-24,Tela de Aço,2023,10,Fim_Mes,1,138.08,145.6,82.3,98.5,797,67
2023-10-25,Tela de Aço,2023,10,Fim_Mes,2,133.57,118.85,70.4,100.0,933,125
2023-10-26,Tela de Aço,2023,10,Fim_Mes,3,134.65,158.06,73.1,99.2,390,54
2023-10-27,Tela de Aço,2023,10,Fim_Mes,4,137.15,132.42,65.6,97.6,988,81
2023-10-28,Tela de Aço,2023,10,Fim_Mes,5,134.47,140.52,66.7,96.6,789,22
2023-10-29,Tela de Aço,2023,10,Fim_Mes,6,132.01,148.96,66.6,92.8,460,14
2023-10-30,Tela de Aço,2023,10,Fim_Mes,0,134.53,148.19,65.7,90.6,833,73
2023-10-31,Tela de Aço,2023,10,Fim_Mes,1,134.59,152.94,62.3,91.6,631,55
2023-11-01,Tela de Aço,2023,11,Inicio_Mes,2,133.37,119.65,60.6,91.9,600,163
2023-11-02,Tela de Aço,2023,11,Inicio_Mes,3,133.0,151.15,66.0,92.9,954,74
2023-11-03,Tela de Aço,2023,11,Inicio_Mes,4,131.36,143.06,68.9,88.7,544,82
2023-11-04,Tela de Aço,2023,11,Inicio_Mes,5,132.2,133.54,69.0,85.7,880,44
2023-11-05,Tela de Aço,2023,11,Inicio_Mes,6,130.07,126.71,72.1,82.9,584,32
2023-11-06,Tela de Aço,2023,11,Inicio_Mes,0,136.51,132.33,74.7,77.8,697,132
2023-11-07,Tela de Aço,2023,11,Inicio_Mes,1,129.25,121.7,83.1,80.6,992,146
2023-11-08,Tela de Aço,2023,11,Inicio_Mes,2,133.98,142.52,96.1,84.3,341,106
2023-11-09,Tela de Aço,2023,11,Inicio_Mes,3,132.82,136.82,88.0,81.2,578,108
2023-11-10,Tela de Aço,2023,11,Inicio_Mes,4,131.85,132.38,92.9,81.0,357,106
2023-11-11,Tela de Aço,2023,11,Meio_Mes,5,134.01,124.66,96.3,79.9,856,50
2023-11-12,Tela de Aço,2023,11,Meio_Mes,6,130.76,131.03,97.1,79.1,526,27
2023-11-13,Tela de Aço,2023,11,Meio_Mes,0,133.85,142.53,96.4,76.8,913,72
2023-11-14,Tela de Aço,2023,11,Meio_Mes,1,129.7,121.96,87.9,78.0,1025,109
2023-11-15,Tela de Aço,2023,11,Meio_Mes,2,136.04,115.96,82.6,79.9,693,144
2023-11-16,Tela de Aço,2023,11,Meio_Mes,3,131.76,152.03,88.0,82.1,1017,51
2023-11-17,Tela de Aço,2023,11,Meio_Mes,4,125.66,146.0,79.9,78.8,804,61
2023-11-18,Tela de Aço,2023,11,Meio_Mes,5,131.24,121.96,73.4,77.3,658,33
2023-11-19,Tela de Aço,2023,11,Meio_Mes,6,137.62,133.18,71.0,74.8,438,27
2023-11-20,Tela de Aço,2023,11,Meio_Mes,0,134.84,144.16,71.0,73.3,563,76
2023-11-21,Tela de Aço,2023,11,Fim_Mes,1,133.25,155.82,71.6,75.0,960,49
2023-11-22,Tela de Aço,2023,11,Fim_Mes,2,133.17,114.42,63.0,76.0,497,121
2023-11-23,Tela de Aço,2023,11,Fim_Mes,3,137.19,141.84,59.7,76.8,854,56
2023-11-24,Tela de Aço,2023,11,Fim_Mes,4,132.51,116.49,60.4,76.4,617,84
2023-11-25,Tela de Aço,2023,11,Fim_Mes,5,133.4,157.0,63.7,75.1,520,19
2023-11-26,Tela de Aço,2023,11,Fim_Mes,6,125.38,124.8,61.7,73.9,937,24
2023-11-27,Tela de Aço,2023,11,Fim_Mes,0,133.11,122.08,61.3,72.0,948,95
2023-11-28,Tela de Aço,2023,11,Fim_Mes,1,127.75,130.18,64.0,74.4,997,65
2023-11-29,Tela de Aço,2023,11,Fim_Mes,2,130.74,148.09,66.3,76.1,605,49
2023-11-30,Tela de Aço,2023,11,Fim_Mes,3,130.21,127.25,56.0,75.3,979,64
2023-12-01,Tela de Aço,2023,12,Inicio_Mes,4,131.25,154.37,57.1,75.6,654,62
2023-12-02,Tela de Aço,2023,12,Inicio_Mes,5,127.95,148.77,54.0,72.3,872,20
2023-12-03,Tela de Aço,2023,12,Inicio_Mes,6,132.93,144.64,54.1,70.5,997,18
2023-12-04,Tela de Aço,2023,12,Inicio_Mes,0,131.41,145.29,53.3,68.3,724,80
2023-12-05,Tela de Aço,2023,12,Inicio_Mes,1,128.61,114.67,51.1,69.5,701,139
2023-12-06,Tela de Aço,2023,12,Inicio_Mes,2,134.06,156.81,61.7,73.1,668,74
2023-12-07,Tela de Aço,2023,12,Inicio_Mes,3,131.72,148.52,65.3,71.2,1037,60
2023-12-08,Tela de Aço,2023,12,Inicio_Mes,4,126.54,145.42,64.7,68.3,457,56
2023-12-09,Tela de Aço,2023,12,Inicio_Mes,5,127.81,110.37,63.9,66.6,570,55
2023-12-10,Tela de Aço,2023,12,Inicio_Mes,6,134.2,156.09,68.9,64.9,512,16
2023-12-11,Tela de Aço,2023,12,Meio_Mes,0,129.74,150.27,68.6,61.9,871,51
2023-12-12,Tela de Aço,2023,12,Meio_Mes,1,134.8,143.38,64.4,61.9,1017,68
2023-12-13,Tela de Aço,2023,12,Meio_Mes,2,133.18,135.93,54.3,63.3,404,74
2023-12-14,Tela de Aço,2023,12,Meio_Mes,3,129.23,135.11,54.3,63.3,667,61
2023-12-15,Tela de Aço,2023,12,Meio_Mes,4,132.21,153.85,54.4,61.7,596,37
2023-12-16,Tela de Aço,2023,12,Meio_Mes,5,137.07,143.82,51.7,58.2,535,19
2023-12-17,Tela de Aço,2023,12,Meio_Mes,6,128.79,150.53,46.6,57.1,414,14
2023-12-18,Tela de Aço,2023,12,Meio_Mes,0,132.03,121.89,46.3,55.5,881,97
2023-12-19,Tela de Aço,2023,12,Meio_Mes,1,132.14,116.02,52.9,57.7,901,110
2023-12-20,Tela de Aço,2023,12,Meio_Mes,2,133.46,151.08,58.9,60.4,811,55
2023-12-21,Tela de Aço,2023,12,Fim_Mes,3,134.3,136.69,56.1,59.7,487,54
2023-12-22,Tela de Aço,2023,12,Fim_Mes,4,134.71,158.1,55.1,59.9,432,37
2023-12-23,Tela de Aço,2023,12,Fim_Mes,5,131.65,146.33,55.1,57.1,454,12
2023-12-24,Tela de Aço,2023,12,Fim_Mes,6,136.59,141.1,54.1,55.6,969,16
2023-12-25,Tela de Aço,2023,12,Fim_Mes,0,133.57,143.04,54.4,53.4,959,50
2023-12-26,Tela de Aço,2023,12,Fim_Mes,1,140.39,128.06,47.7,54.4,899,76
2023-12-27,Tela de Aço,2023,12,Fim_Mes,2,131.9,136.45,42.9,56.1,682,57
2023-12-28,Tela de Aço,2023,12,Fim_Mes,3,133.99,128.66,43.1,54.9,695,57
2023-12-29,Tela de Aço,2023,12,Fim_Mes,4,134.44,148.04,43.6,54.6,833,42
2023-12-30,Tela de Aço,2023,12,Fim_Mes,5,133.51,146.74,44.3,54.4,1007,15
2023-12-31,Tela de Aço,2023,12,Fim_Mes,6,132.99,121.11,44.7,52.7,735,21
2024-01-01,Tela de Aço,2024,1,Inicio_Mes,0,139.54,150.71,45.4,51.4,723,71
2024-01-02,Tela de Aço,2024,1,Inicio_Mes,1,137.21,142.08,48.4,53.1,324,75
2024-01-03,Tela de Aço,2024,1,Inicio_Mes,2,141.8,163.58,48.3,55.0,514,60
2024-01-04,Tela de Aço,2024,1,Inicio_Mes,3,144.39,164.74,48.7,54.3,998,48
2024-01-05,Tela de Aço,2024,1,Inicio_Mes,4,140.57,150.53,47.4,51.3,615,70
2024-01-06,Tela de Aço,2024,1,Inicio_Mes,5,140.04,127.86,51.4,51.1,889,39
2024-01-07,Tela de Aço,2024,1,Inicio_Mes,6,136.8,133.62,54.9,50.4,935,31
2024-01-08,Tela de Aço,2024,1,Inicio_Mes,0,139.9,124.34,56.3,49.6,501,134
2024-01-09,Tela de Aço,2024,1,Inicio_Mes,1,143.0,146.72,65.3,52.2,749,92
2024-01-10,Tela de Aço,2024,1,Inicio_Mes,2,146.13,149.44,67.7,54.8,404,86
2024-01-11,Tela de Aço,2024,1,Meio_Mes,3,143.35,166.15,71.4,55.9,542,36
2024-01-12,Tela de Aço,2024,1,Meio_Mes,4,144.32,134.47,69.7,54.9,346,78
2024-01-13,Tela de Aço,2024,1,Meio_Mes,5,144.36,132.22,70.9,55.0,587,27
2024-01-14,Tela de Aço,2024,1,Meio_Mes,6,148.88,132.11,69.1,53.9,612,32
2024-01-15,Tela de Aço,2024,1,Meio_Mes,0,152.43,170.73,69.3,53.7,443,47
2024-01-16,Tela de Aço,2024,1,Meio_Mes,1,145.96,150.84,56.9,54.6,823,71
2024-01-17,Tela de Aço,2024,1,Meio_Mes,2,141.44,151.3,53.9,56.5,697,59
2024-01-18,Tela de Aço,2024,1,Meio_Mes,3,140.7,161.7,50.0,55.3,742,48
2024-01-19,Tela de Aço,2024,1,Meio_Mes,4,144.65,159.06,51.7,53.2,891,45
2024-01-20,Tela de Aço,2024,1,Meio_Mes,5,147.97,138.84,47.0,52.9,615,28
2024-01-21,Tela de Aço,2024,1,Fim_Mes,6,147.76,129.92,47.1,52.0,942,28
2024-01-22,Tela de Aço,2024,1,Fim_Mes,0,142.87,132.73,46.6,51.7,620,69
2024-01-23,Tela de Aço,2024,1,Fim_Mes,1,143.52,128.38,49.7,53.6,533,73
2024-01-24,Tela de Aço,2024,1,Fim_Mes,2,141.42,136.39,50.0,55.5,857,74
2024-01-25,Tela de Aço,2024,1,Fim_Mes,3,147.1,141.15,52.1,56.3,855,60
2024-01-26,Tela de Aço,2024,1,Fim_Mes,4,149.67,139.39,53.9,55.8,365,59
2024-01-27,Tela de Aço,2024,1,Fim_Mes,5,142.92,147.67,55.9,55.8,699,20
2024-01-28,Tela de Aço,2024,1,Fim_Mes,6,143.52,162.93,54.7,54.6,542,16
2024-01-29,Tela de Aço,2024,1,Fim_Mes,0,142.95,147.15,53.0,53.7,372,47
2024-01-30,Tela de Aço,2024,1,Fim_Mes,1,145.53,156.22,49.9,54.8,898,51
2024-01-31,Tela de Aço,2024,1,Fim_Mes,2,152.22,162.63,46.7,55.8,575,50
2024-02-01,Tela de Aço,2024,2,Inicio_Mes,3,146.03,151.65,43.3,55.1,856,85
2024-02-02,Tela de Aço,2024,2,Inicio_Mes,4,143.66,143.89,46.9,55.4,908,85
2024-02-03,Tela de Aço,2024,2,Inicio_Mes,5,148.37,158.5,50.6,56.3,970,30
2024-02-04,Tela de Aço,2024,2,Inicio_Mes,6,147.73,160.13,52.0,55.7,913,24
2024-02-05,Tela de Aço,2024,2,Inicio_Mes,0,147.76,129.95,53.1,54.1,635,148
2024-02-06,Tela de Aço,2024,2,Inicio_Mes,1,146.49,161.85,67.6,57.8,374,70
2024-02-07,Tela de Aço,2024,2,Inicio_Mes,2,148.05,154.96,70.3,59.1,384,94
2024-02-08,Tela de Aço,2024,2,Inicio_Mes,3,147.11,171.72,76.6,57.7,901,55
2024-02-09,Tela de Aço,2024,2,Inicio_Mes,4,144.81,167.7,72.3,56.5,568,57
2024-02-10,Tela de Aço,2024,2,Inicio_Mes,5,149.93,174.14,68.3,55.5,322,15
2024-02-11,Tela de Aço,2024,2,Meio_Mes,6,152.54,153.68,66.1,54.8,1036,26
2024-02-12,Tela de Aço,2024,2,Meio_Mes,0,148.07,174.37,66.4,53.1,613,49
2024-02-13,Tela de Aço,2024,2,Meio_Mes,1,151.05,143.56,52.3,53.8,382,81
2024-02-14,Tela de Aço,2024,2,Meio_Mes,2,150.54,177.6,53.9,55.5,526,53
2024-02-15,Tela de Aço,2024,2,Meio_Mes,3,147.7,133.54,48.0,55.7,525,88
2024-02-16,Tela de Aço,2024,2,Meio_Mes,4,149.02,132.22,52.7,56.2,946,98
2024-02-17,Tela de Aço,2024,2,Meio_Mes,5,147.09,145.89,58.6,57.5,526,28
2024-02-18,Tela de Aço,2024,2,Meio_Mes,6,149.26,175.6,60.4,56.9,359,23
2024-02-19,Tela de Aço,2024,2,Meio_Mes,0,149.5,151.9,60.0,56.1,547,65
2024-02-20,Tela de Aço,2024,2,Meio_Mes,1,152.13,176.44,62.3,57.4,899,52
2024-02-21,Tela de Aço,2024,2,Fim_Mes,2,150.92,169.41,58.1,58.2,538,50
2024-02-22,Tela de Aço,2024,2,Fim_Mes,3,145.81,146.43,57.7,57.5,525,50
2024-02-23,Tela de Aço,2024,2,Fim_Mes,4,150.41,132.71,52.3,56.8,699,77
2024-02-24,Tela de Aço,2024,2,Fim_Mes,5,150.05,149.0,49.3,56.9,895,14
2024-02-25,Tela de Aço,2024,2,Fim_Mes,6,149.23,143.28,47.3,55.3,547,30
2024-02-26,Tela de Aço,2024,2,Fim_Mes,0,147.51,136.85,48.3,54.4,991,76
2024-02-27,Tela de Aço,2024,2,Fim_Mes,1,151.92,153.31,49.9,56.2,694,64
2024-02-28,Tela de Aço,2024,2,Fim_Mes,2,152.44,139.5,51.6,57.8,473,77
2024-02-29,Tela de Aço,2024,2,Fim_Mes,3,148.09,171.4,55.4,58.8,384,43
2024-03-01,Tela de Aço,2024,3,Inicio_Mes,4,153.11,175.83,54.4,58.6,432,70
2024-03-02,Tela de Aço,2024,3,Inicio_Mes,5,154.56,139.51,53.4,59.2,1016,44
2024-03-03,Tela de Aço,2024,3,Inicio_Mes,6,146.84,153.84,57.7,57.9,371,23
2024-03-04,Tela de Aço,2024,3,Inicio_Mes,0,150.93,129.26,56.7,55.8,555,181
2024-03-05,Tela de Aço,2024,3,Inicio_Mes,1,146.55,168.56,71.7,60.8,776,83
2024-03-06,Tela de Aço,2024,3,Inicio_Mes,2,145.13,142.17,74.4,62.8,449,129
2024-03-07,Tela de Aço,2024,3,Inicio_Mes,3,152.04,154.47,81.9,62.2,379,101
2024-03-08,Tela de Aço,2024,3,Inicio_Mes,4,146.05,165.4,90.1,63.2,632,78
2024-03-09,Tela de Aço,2024,3,Inicio_Mes,5,148.87,164.31,91.3,62.7,511,26
2024-03-10,Tela de Aço,2024,3,Inicio_Mes,6,148.27,141.77,88.7,61.7,655,47
2024-03-11,Tela de Aço,2024,3,Meio_Mes,0,148.59,133.63,92.1,61.4,687,118
2024-03-12,Tela de Aço,2024,3,Meio_Mes,1,152.8,176.77,83.1,64.8,596,59
2024-03-13,Tela de Aço,2024,3,Meio_Mes,2,152.81,170.57,79.7,65.9,322,65
2024-03-14,Tela de Aço,2024,3,Meio_Mes,3,147.73,136.77,70.6,66.4,463,92
2024-03-15,Tela de Aço,2024,3,Meio_Mes,4,150.14,140.63,69.3,66.8,357,94
2024-03-16,Tela de Aço,2024,3,Meio_Mes,5,151.69,171.56,71.6,68.2,667,18
2024-03-17,Tela de Aço,2024,3,Meio_Mes,6,150.57,137.95,70.4,65.8,475,37
2024-03-18,Tela de Aço,2024,3,Meio_Mes,0,147.02,143.37,69.0,63.8,975,97
2024-03-19,Tela de Aço,2024,3,Meio_Mes,1,145.45,168.48,66.0,66.1,354,66
2024-03-20,Tela de Aço,2024,3,Meio_Mes,2,150.09,158.06,67.0,67.5,348,72
2024-03-21,Tela de Aço,2024,3,Fim_Mes,3,153.92,166.29,68.0,67.8,779,47
2024-03-22,Tela de Aço,2024,3,Fim_Mes,4,147.07,145.74,61.6,67.6,412,65
2024-03-23,Tela de Aço,2024,3,Fim_Mes,5,148.6,141.87,57.4,68.1,871,30
2024-03-24,Tela de Aço,2024,3,Fim_Mes,6,142.89,159.74,59.1,67.4,944,17
2024-03-25,Tela de Aço,2024,3,Fim_Mes,0,147.43,152.87,56.3,65.4,869,68
2024-03-26,Tela de Aço,2024,3,Fim_Mes,1,147.11,167.89,52.1,67.2,334,46
2024-03-27,Tela de Aço,2024,3,Fim_Mes,2,147.51,147.13,49.3,67.8,325,80
2024-03-28,Tela de Aço,2024,3,Fim_Mes,3,146.43,150.6,50.4,67.9,807,65
2024-03-29,Tela de Aço,2024,3,Fim_Mes,4,147.86,151.61,53.0,67.9,607,61
2024-03-30,Tela de Aço,2024,3,Fim_Mes,5,147.81,140.18,52.4,67.4,411,29
2024-03-31,Tela de Aço,2024,3,Fim_Mes,6,146.04,155.96,52.3,66.9,658,24
2024-04-01,Tela de Aço,2024,4,Inicio_Mes,0,148.25,128.98,53.3,65.4,617,205
2024-04-02,Tela de Aço,2024,4,Inicio_Mes,1,140.5,154.14,72.9,70.8,916,119
2024-04-03,Tela de Aço,2024,4,Inicio_Mes,2,147.06,170.37,83.3,74.0,921,88
2024-04-04,Tela de Aço,2024,4,Inicio_Mes,3,144.98,143.78,84.4,70.9,658,135
2024-04-05,Tela de Aço,2024,4,Inicio_Mes,4,145.49,168.25,94.4,72.6,737,82
2024-04-06,Tela de Aço,2024,4,Inicio_Mes,5,147.75,142.44,97.4,71.0,767,53
2024-04-07,Tela de Aço,2024,4,Inicio_Mes,6,147.14,142.09,100.9,69.4,591,54
2024-04-08,Tela de Aço,2024,4,Inicio_Mes,0,143.32,133.67,105.1,68.6,900,174
2024-04-09,Tela de Aço,2024,4,Inicio_Mes,1,142.78,145.12,100.7,73.6,943,137
2024-04-10,Tela de Aço,2024,4,Inicio_Mes,2,144.49,139.81,103.3,76.6,858,160
2024-04-11,Tela de Aço,2024,4,Meio_Mes,3,148.54,173.3,113.6,78.0,890,63
2024-04-12,Tela de Aço,2024,4,Meio_Mes,4,144.07,124.36,103.3,78.1,1028,156
2024-04-13,Tela de Aço,2024,4,Meio_Mes,5,141.26,151.15,113.9,81.1,524,28
2024-04-14,Tela de Aço,2024,4,Meio_Mes,6,148.9,148.47,110.3,79.0,922,44
2024-04-15,Tela de Aço,2024,4,Meio_Mes,0,142.77,146.69,108.9,77.3,797,97
2024-04-16,Tela de Aço,2024,4,Meio_Mes,1,142.17,151.15,97.9,80.0,428,100
2024-04-17,Tela de Aço,2024,4,Meio_Mes,2,142.84,155.8,92.6,82.1,334,88
2024-04-18,Tela de Aço,2024,4,Meio_Mes,3,142.92,162.9,82.3,81.8,699,60
2024-04-19,Tela de Aço,2024,4,Meio_Mes,4,142.78,144.47,81.9,81.6,406,98
2024-04-20,Tela de Aço,2024,4,Meio_Mes,5,140.83,161.51,73.6,82.4,975,27
2024-04-21,Tela de Aço,2024,4,Fim_Mes,6,142.48,152.94,73.4,81.8,880,27
2024-04-22,Tela de Aço,2024,4,Fim_Mes,0,142.93,123.11,71.0,80.5,678,128
2024-04-23,Tela de Aço,2024,4,Fim_Mes,1,140.93,136.77,75.4,83.8,631,96
2024-04-24,Tela de Aço,2024,4,Fim_Mes,2,139.77,142.04,74.9,86.4,451,87
2024-04-25,Tela de Aço,2024,4,Fim_Mes,3,146.91,151.86,74.7,87.0,851,77
2024-04-26,Tela de Aço,2024,4,Fim_Mes,4,144.58,143.54,77.1,88.1,668,78
2024-04-27,Tela de Aço,2024,4,Fim_Mes,5,144.41,137.51,74.3,88.0,381,39
2024-04-28,Tela de Aço,2024,4,Fim_Mes,6,138.61,134.14,76.0,87.1,746,33
2024-04-29,Tela de Aço,2024,4,Fim_Mes,0,141.73,120.9,76.9,86.2,465,134
2024-04-30,Tela de Aço,2024,4,Fim_Mes,1,140.67,131.72,77.7,89.7,368,108
2024-05-01,Tela de Aço,2024,5,Inicio_Mes,2,139.52,151.76,79.4,92.5,981,139
2024-05-02,Tela de Aço,2024,5,Inicio_Mes,3,136.27,139.08,86.9,90.3,973,141
2024-05-03,Tela de Aço,2024,5,Inicio_Mes,4,141.61,162.78,96.0,91.0,408,107
2024-05-04,Tela de Aço,2024,5,Inicio_Mes,5,142.5,140.41,100.1,91.7,667,58
2024-05-05,Tela de Aço,2024,5,Inicio_Mes,6,138.84,132.88,102.9,89.1,1000,61
2024-05-06,Tela de Aço,2024,5,Inicio_Mes,0,138.21,148.1,106.9,88.4,436,132
2024-05-07,Tela de Aço,2024,5,Inicio_Mes,1,143.87,163.45,106.6,91.0,770,117
2024-05-08,Tela de Aço,2024,5,Inicio_Mes,2,136.43,158.55,107.9,93.1,415,110
2024-05-09,Tela de Aço,2024,5,Inicio_Mes,3,136.46,158.03,103.7,91.0,838,101
2024-05-10,Tela de Aço,2024,5,Inicio_Mes,4,136.17,135.65,98.0,89.8,764,156
2024-05-11,Tela de Aço,2024,5,Meio_Mes,5,137.27,160.27,105.0,89.7,960,28
2024-05-12,Tela de Aço,2024,5,Meio_Mes,6,140.35,143.3,100.7,88.5,652,37
2024-05-13,Tela de Aço,2024,5,Meio_Mes,0,140.12,152.85,97.3,84.5,615,95
2024-05-14,Tela de Aço,2024,5,Meio_Mes,1,141.94,153.96,92.0,86.8,357,107
2024-05-15,Tela de Aço,2024,5,Meio_Mes,2,137.27,128.57,90.6,88.9,494,163
2024-05-16,Tela de Aço,2024,5,Meio_Mes,3,140.41,136.88,98.1,91.1,859,125
2024-05-17,Tela de Aço,2024,5,Meio_Mes,4,137.23,161.55,101.6,91.9,874,67
2024-05-18,Tela de Aço,2024,5,Meio_Mes,5,137.29,127.28,88.9,91.2,614,45
2024-05-19,Tela de Aço,2024,5,Meio_Mes,6,139.14,128.74,91.3,90.7,984,55
2024-05-20,Tela de Aço,2024,5,Meio_Mes,0,132.08,134.15,93.9,89.3,755,133
2024-05-21,Tela de Aço,2024,5,Fim_Mes,1,135.1,137.35,99.3,92.8,447,113
2024-05-22,Tela de Aço,2024,5,Fim_Mes,2,137.37,122.71,100.1,95.7,871,149
2024-05-23,Tela de Aço,2024,5,Fim_Mes,3,134.04,136.86,98.1,96.4,401,85
2024-05-24,Tela de Aço,2024,5,Fim_Mes,4,135.07,131.89,92.4,96.0,892,93
2024-05-25,Tela de Aço,2024,5,Fim_Mes,5,132.98,124.76,96.1,96.2,686,39
2024-05-26,Tela de Aço,2024,5,Fim_Mes,6,137.51,142.56,95.3,94.9,834,26
2024-05-27,Tela de Aço,2024,5,Fim_Mes,0,135.36,155.04,91.1,93.2,1019,67
2024-05-28,Tela de Aço,2024,5,Fim_Mes,1,136.16,116.15,81.7,94.1,638,162
2024-05-29,Tela de Aço,2024,5,Fim_Mes,2,136.59,131.36,88.7,98.4,660,115
2024-05-30,Tela de Aço,2024,5,Fim_Mes,3,139.18,148.7,83.9,97.8,632,78
2024-05-31,Tela de Aço,2024,5,Fim_Mes,4,136.62,128.95,82.9,96.8,353,102
2024-06-01,Tela de Aço,2024,6,Inicio_Mes,5,138.81,125.45,84.1,95.6,904,82
2024-06-02,Tela de Aço,2024,6,Inicio_Mes,6,137.64,131.56,90.3,93.6,717,68
2024-06-03,Tela de Aço,2024,6,Inicio_Mes,0,135.1,126.26,96.3,92.3,457,236
2024-06-04,Tela de Aço,2024,6,Inicio_Mes,1,135.07,136.42,120.4,98.2,575,180
2024-06-05,Tela de Aço,2024,6,Inicio_Mes,2,136.76,145.2,123.0,102.2,336,156
2024-06-06,Tela de Aço,2024,6,Inicio_Mes,3,139.33,132.29,128.9,103.0,388,190
2024-06-07,Tela de Aço,2024,6,Inicio_Mes,4,138.09,143.37,144.9,105.4,358,154
2024-06-08,Tela de Aço,2024,6,Inicio_Mes,5,137.44,126.25,152.3,106.9,682,72
2024-06-09,Tela de Aço,2024,6,Inicio_Mes,6,131.44,152.86,150.9,105.9,926,40
2024-06-10,Tela de Aço,2024,6,Inicio_Mes,0,135.47,119.89,146.9,102.1,674,264
2024-06-11,Tela de Aço,2024,6,Meio_Mes,1,136.51,132.44,150.9,109.9,780,154
2024-06-12,Tela de Aço,2024,6,Meio_Mes,2,136.15,128.07,147.1,113.8,959,168
2024-06-13,Tela de Aço,2024,6,Meio_Mes,3,135.3,150.25,148.9,116.3,342,96
2024-06-14,Tela de Aço,2024,6,Meio_Mes,4,136.96,130.12,135.4,115.9,581,151
2024-06-15,Tela de Aço,2024,6,Meio_Mes,5,137.28,136.75,135.0,115.5,1003,46
2024-06-16,Tela de Aço,2024,6,Meio_Mes,6,137.66,138.92,131.3,112.9,826,38
2024-06-17,Tela de Aço,2024,6,Meio_Mes,0,139.18,126.99,131.0,111.9,732,184
2024-06-18,Tela de Aço,2024,6,Meio_Mes,1,138.59,160.89,119.6,116.5,693,92
2024-06-19,Tela de Aço,2024,6,Meio_Mes,2,133.88,116.0,110.7,117.8,513,210
2024-06-20,Tela de Aço,2024,6,Meio_Mes,3,138.86,161.29,116.7,120.3,605,91
2024-06-21,Tela de Aço,2024,6,Fim_Mes,4,137.38,140.01,116.0,119.6,512,106
2024-06-22,Tela de Aço,2024,6,Fim_Mes,5,133.16,144.24,109.6,118.2,997,18
2024-06-23,Tela de Aço,2024,6,Fim_Mes,6,137.16,139.05,105.6,115.9,712,36
2024-06-24,Tela de Aço,2024,6,Fim_Mes,0,139.6,164.03,105.3,114.0,1000,69
2024-06-25,Tela de Aço,2024,6,Fim_Mes,1,139.14,150.62,88.9,115.0,646,92
2024-06-26,Tela de Aço,2024,6,Fim_Mes,2,141.84,143.04,88.9,117.2,588,115
2024-06-27,Tela de Aço,2024,6,Fim_Mes,3,146.39,133.57,75.3,118.8,968,131
2024-06-28,Tela de Aço,2024,6,Fim_Mes,4,141.98,125.34,81.0,117.8,755,150
2024-06-29,Tela de Aço,2024,6,Fim_Mes,5,132.0,137.85,87.3,119.0,384,36
2024-06-30,Tela de Aço,2024,6,Fim_Mes,6,135.59,159.42,89.9,117.6,724,22
2024-07-01,Tela de Aço,2024,7,Inicio_Mes,0,136.17,120.0,87.9,114.9,1022,281
2024-07-02,Tela de Aço,2024,7,Inicio_Mes,1,137.86,146.75,118.1,121.5,337,153
2024-07-03,Tela de Aço,2024,7,Inicio_Mes,2,140.23,132.07,126.9,124.4,364,235
2024-07-04,Tela de Aço,2024,7,Inicio_Mes,3,136.81,119.25,144.0,124.3,817,253
2024-07-05,Tela de Aço,2024,7,Inicio_Mes,4,134.72,130.68,161.4,126.8,476,195
2024-07-06,Tela de Aço,2024,7,Inicio_Mes,5,141.43,140.01,167.9,128.1,641,60
2024-07-07,Tela de Aço,2024,7,Inicio_Mes,6,142.69,144.14,171.3,123.7,711,59
2024-07-08,Tela de Aço,2024,7,Inicio_Mes,0,138.19,121.38,176.6,120.6,834,275
2024-07-09,Tela de Aço,2024,7,Inicio_Mes,1,142.82,139.8,175.7,127.3,619,205
2024-07-10,Tela de Aço,2024,7,Inicio_Mes,2,134.91,119.15,183.1,132.8,542,271
2024-07-11,Tela de Aço,2024,7,Meio_Mes,3,145.09,137.03,188.3,133.1,651,162
2024-07-12,Tela de Aço,2024,7,Meio_Mes,4,140.12,120.17,175.3,133.3,965,196
2024-07-13,Tela de Aço,2024,7,Meio_Mes,5,140.09,132.0,175.4,134.3,411,54
2024-07-14,Tela de Aço,2024,7,Meio_Mes,6,140.39,125.55,174.6,132.9,784,66
2024-07-15,Tela de Aço,2024,7,Meio_Mes,0,146.1,151.06,175.6,130.0,504,133
2024-07-16,Tela de Aço,2024,7,Meio_Mes,1,140.34,144.13,155.3,132.9,634,142
2024-07-17,Tela de Aço,2024,7,Meio_Mes,2,144.86,164.78,146.3,136.4,1039,97
2024-07-18,Tela de Aço,2024,7,Meio_Mes,3,138.92,128.41,121.4,133.5,505,172
2024-07-19,Tela de Aço,2024,7,Meio_Mes,4,136.9,157.65,122.9,136.2,585,86
2024-07-20,Tela de Aço,2024,7,Meio_Mes,5,139.63,157.24,107.1,132.0,788,27
2024-07-21,Tela de Aço,2024,7,Fim_Mes,6,139.37,156.08,103.3,129.9,347,32
2024-07-22,Tela de Aço,2024,7,Fim_Mes,0,144.23,141.55,98.4,127.4,677,133
2024-07-23,Tela de Aço,2024,7,Fim_Mes,1,143.92,138.62,98.4,131.3,419,139
2024-07-24,Tela de Aço,2024,7,Fim_Mes,2,144.09,141.67,98.0,134.7,808,114
2024-07-25,Tela de Aço,2024,7,Fim_Mes,3,146.28,153.27,100.4,136.2,901,93
2024-07-26,Tela de Aço,2024,7,Fim_Mes,4,144.39,138.78,89.1,136.2,730,115
2024-07-27,Tela de Aço,2024,7,Fim_Mes,5,147.15,151.44,93.3,136.2,919,31
2024-07-28,Tela de Aço,2024,7,Fim_Mes,6,147.38,145.46,93.9,132.9,555,41
2024-07-29,Tela de Aço,2024,7,Fim_Mes,0,147.69,166.33,95.1,129.3,1036,86
2024-07-30,Tela de Aço,2024,7,Fim_Mes,1,149.37,141.02,88.4,130.9,492,144
2024-07-31,Tela de Aço,2024,7,Fim_Mes,2,146.5,151.62,89.1,135.0,844,100
2024-08-01,Tela de Aço,2024,8,Inicio_Mes,3,149.95,156.42,87.1,129.0,714,142
2024-08-02,Tela de Aço,2024,8,Inicio_Mes,4,142.85,125.41,94.1,128.6,405,238
2024-08-03,Tela de Aço,2024,8,Inicio_Mes,5,146.86,165.56,111.7,128.7,824,36
2024-08-04,Tela de Aço,2024,8,Inicio_Mes,6,145.34,142.95,112.4,121.5,603,69
2024-08-05,Tela de Aço,2024,8,Inicio_Mes,0,147.67,133.65,116.4,117.3,353,244
2024-08-06,Tela de Aço,2024,8,Inicio_Mes,1,145.42,163.42,139.0,123.4,826,138
2024-08-07,Tela de Aço,2024,8,Inicio_Mes,2,147.32,157.4,138.1,126.0,654,160
2024-08-08,Tela de Aço,2024,8,Inicio_Mes,3,145.53,132.76,146.7,122.2,685,224
2024-08-09,Tela de Aço,2024,8,Inicio_Mes,4,151.98,166.07,158.4,122.8,797,130
2024-08-10,Tela de Aço,2024,8,Inicio_Mes,5,149.21,151.46,143.0,118.1,963,56
2024-08-11,Tela de Aço,2024,8,Meio_Mes,6,150.38,135.17,145.9,114.6,857,53
2024-08-12,Tela de Aço,2024,8,Meio_Mes,0,153.33,176.71,143.6,109.8,827,98
2024-08-13,Tela de Aço,2024,8,Meio_Mes,1,145.89,124.07,122.7,111.3,406,228
2024-08-14,Tela de Aço,2024,8,Meio_Mes,2,154.63,152.74,135.6,116.7,846,153
2024-08-15,Tela de Aço,2024,8,Meio_Mes,3,146.78,134.06,134.6,117.4,924,165
2024-08-16,Tela de Aço,2024,8,Meio_Mes,4,150.76,133.99,126.1,118.1,1032,178
2024-08-17,Tela de Aço,2024,8,Meio_Mes,5,146.49,152.57,133.0,120.8,970,44
2024-08-18,Tela de Aço,2024,8,Meio_Mes,6,152.8,139.35,131.3,116.6,769,55
2024-08-19,Tela de Aço,2024,8,Meio_Mes,0,146.43,139.6,131.6,115.5,448,164
2024-08-20,Tela de Aço,2024,8,Meio_Mes,1,149.13,138.83,141.0,120.1,642,182
2024-08-21,Tela de Aço,2024,8,Fim_Mes,2,153.13,179.24,134.4,125.1,635,69
2024-08-22,Tela de Aço,2024,8,Fim_Mes,3,150.54,135.77,122.4,123.0,817,141
2024-08-23,Tela de Aço,2024,8,Fim_Mes,4,156.32,178.77,119.0,123.0,637,70
2024-08-24,Tela de Aço,2024,8,Fim_Mes,5,150.88,152.58,103.6,121.6,754,38
2024-08-25,Tela de Aço,2024,8,Fim_Mes,6,149.34,143.04,102.7,119.7,768,43
2024-08-26,Tela de Aço,2024,8,Fim_Mes,0,144.69,143.91,101.0,117.3,509,116
2024-08-27,Tela de Aço,2024,8,Fim_Mes,1,151.84,154.85,94.1,120.2,464,107
2024-08-28,Tela de Aço,2024,8,Fim_Mes,2,152.94,133.64,83.4,122.4,426,158
2024-08-29,Tela de Aço,2024,8,Fim_Mes,3,152.88,166.09,96.1,124.8,801,85
2024-08-30,Tela de Aço,2024,8,Fim_Mes,4,156.89,135.34,88.1,122.8,767,150
2024-08-31,Tela de Aço,2024,8,Fim_Mes,5,150.62,145.8,99.6,124.5,519,48
2024-09-01,Tela de Aço,2024,9,Inicio_Mes,6,154.6,175.85,101.0,121.3,566,42
2024-09-02,Tela de Aço,2024,9,Inicio_Mes,0,151.65,173.08,100.9,114.8,700,122
2024-09-03,Tela de Aço,2024,9,Inicio_Mes,1,158.27,173.67,101.7,117.7,1014,134
2024-09-04,Tela de Aço,2024,9,Inicio_Mes,2,150.84,158.82,105.6,119.8,667,151
2024-09-05,Tela de Aço,2024,9,Inicio_Mes,3,151.21,165.81,104.6,116.7,544,114
2024-09-06,Tela de Aço,2024,9,Inicio_Mes,4,153.18,133.86,108.7,115.9,954,213
2024-09-07,Tela de Aço,2024,9,Inicio_Mes,5,152.33,176.53,117.7,117.7,808,28
2024-09-08,Tela de Aço,2024,9,Inicio_Mes,6,155.55,149.87,114.9,111.2,519,57
2024-09-09,Tela de Aço,2024,9,Inicio_Mes,0,146.78,127.14,117.0,108.7,342,250
2024-09-10,Tela de Aço,2024,9,Inicio_Mes,1,155.03,159.27,135.3,115.2,925,161
2024-09-11,Tela de Aço,2024,9,Meio_Mes,2,150.26,139.48,139.1,118.8,642,160
2024-09-12,Tela de Aço,2024,9,Meio_Mes,3,151.24,156.21,140.4,120.9,990,106
2024-09-13,Tela de Aço,2024,9,Meio_Mes,4,149.95,173.66,139.3,116.8,710,71
2024-09-14,Tela de Aço,2024,9,Meio_Mes,5,147.07,125.05,119.0,114.1,903,65
2024-09-15,Tela de Aço,2024,9,Meio_Mes,6,150.94,173.86,124.3,110.7,470,24
2024-09-16,Tela de Aço,2024,9,Meio_Mes,0,148.5,155.81,119.6,105.6,438,116
2024-09-17,Tela de Aço,2024,9,Meio_Mes,1,147.52,147.95,100.4,108.0,751,136
2024-09-18,Tela de Aço,2024,9,Meio_Mes,2,151.53,143.93,96.9,110.7,796,149
2024-09-19,Tela de Aço,2024,9,Meio_Mes,3,151.27,134.98,95.3,110.2,626,153
2024-09-20,Tela de Aço,2024,9,Meio_Mes,4,152.13,142.47,102.0,109.2,954,135
2024-09-21,Tela de Aço,2024,9,Fim_Mes,5,149.32,157.17,111.1,111.4,383,30
2024-09-22,Tela de Aço,2024,9,Fim_Mes,6,153.92,164.33,106.1,107.7,769,24
2024-09-23,Tela de Aço,2024,9,Fim_Mes,0,147.05,129.99,106.1,106.2,837,140
2024-09-24,Tela de Aço,2024,9,Fim_Mes,1,154.61,144.12,109.6,109.6,553,128
2024-09-25,Tela de Aço,2024,9,Fim_Mes,2,152.23,174.47,108.4,112.4,693,68
2024-09-26,Tela de Aço,2024,9,Fim_Mes,3,147.56,168.24,96.9,110.8,329,61
2024-09-27,Tela de Aço,2024,9,Fim_Mes,4,148.74,143.21,83.7,109.3,985,106
2024-09-28,Tela de Aço,2024,9,Fim_Mes,5,148.81,153.45,79.6,107.6,477,29
2024-09-29,Tela de Aço,2024,9,Fim_Mes,6,153.88,167.72,79.4,105.7,320,21
2024-09-30,Tela de Aço,2024,9,Fim_Mes,0,146.06,125.97,79.0,101.4,408,150
2024-10-01,Tela de Aço,2024,10,Inicio_Mes,1,150.17,140.38,80.4,104.8,335,173
2024-10-02,Tela de Aço,2024,10,Inicio_Mes,2,147.45,136.52,86.9,109.2,691,176
2024-10-03,Tela de Aço,2024,10,Inicio_Mes,3,148.13,143.24,102.3,111.0,594,145
2024-10-04,Tela de Aço,2024,10,Inicio_Mes,4,152.05,151.9,114.3,111.3,936,126
2024-10-05,Tela de Aço,2024,10,Inicio_Mes,5,146.85,151.99,117.1,110.5,388,44
2024-10-06,Tela de Aço,2024,10,Inicio_Mes,6,146.02,134.05,119.3,108.2,951,53
2024-10-07,Tela de Aço,2024,10,Inicio_Mes,0,146.45,153.76,123.9,102.8,818,122
2024-10-08,Tela de Aço,2024,10,Inicio_Mes,1,149.46,155.07,119.9,106.0,636,130
2024-10-09,Tela de Aço,2024,10,Inicio_Mes,2,146.3,163.98,113.7,108.4,762,101
2024-10-10,Tela de Aço,2024,10,Inicio_Mes,3,146.19,129.98,103.0,103.4,329,176
2024-10-11,Tela de Aço,2024,10,Meio_Mes,4,149.14,165.66,107.4,103.9,532,68
2024-10-12,Tela de Aço,2024,10,Meio_Mes,5,138.02,136.01,99.1,100.9,486,37
2024-10-13,Tela de Aço,2024,10,Meio_Mes,6,144.72,125.65,98.1,98.6,462,50
2024-10-14,Tela de Aço,2024,10,Meio_Mes,0,143.76,139.17,97.7,97.9,326,114
2024-10-15,Tela de Aço,2024,10,Meio_Mes,1,151.7,161.67,96.6,99.5,598,102
2024-10-16,Tela de Aço,2024,10,Meio_Mes,2,143.74,124.74,92.6,102.1,649,163
2024-10-17,Tela de Aço,2024,10,Meio_Mes,3,147.47,130.44,101.4,103.7,912,137
2024-10-18,Tela de Aço,2024,10,Meio_Mes,4,143.04,136.53,95.9,103.7,608,107
2024-10-19,Tela de Aço,2024,10,Meio_Mes,5,144.21,160.73,101.4,102.3,637,21
2024-10-20,Tela de Aço,2024,10,Meio_Mes,6,147.38,159.61,99.1,97.9,673,28
2024-10-21,Tela de Aço,2024,10,Fim_Mes,0,145.19,151.06,96.0,94.3,479,79
2024-10-22,Tela de Aço,2024,10,Fim_Mes,1,145.84,126.09,91.0,96.0,1034,129
2024-10-23,Tela de Aço,2024,10,Fim_Mes,2,144.05,141.21,94.9,99.5,674,93
2024-10-24,Tela de Aço,2024,10,Fim_Mes,3,142.34,146.24,84.9,97.9,355,76
2024-10-25,Tela de Aço,2024,10,Fim_Mes,4,140.57,124.76,76.1,96.2,615,110
2024-10-26,Tela de Aço,2024,10,Fim_Mes,5,146.33,133.0,76.6,97.6,377,41
2024-10-27,Tela de Aço,2024,10,Fim_Mes,6,140.53,157.56,79.4,96.9,873,23
2024-10-28,Tela de Aço,2024,10,Fim_Mes,0,137.17,128.48,78.7,94.1,407,111
2024-10-29,Tela de Aço,2024,10,Fim_Mes,1,149.37,144.68,83.3,96.9,662,100
2024-10-30,Tela de Aço,2024,10,Fim_Mes,2,145.56,167.02,79.1,99.5,438,53
2024-10-31,Tela de Aço,2024,10,Fim_Mes,3,138.46,146.25,73.4,96.3,844,66
2024-11-01,Tela de Aço,2024,11,Inicio_Mes,4,140.66,163.67,72.0,92.7,365,67
2024-11-02,Tela de Aço,2024,11,Inicio_Mes,5,139.16,159.33,65.9,89.1,701,26
2024-11-03,Tela de Aço,2024,11,Inicio_Mes,6,143.44,129.04,63.7,85.1,347,52
2024-11-04,Tela de Aço,2024,11,Inicio_Mes,0,139.41,124.43,67.9,82.6,657,166
2024-11-05,Tela de Aço,2024,11,Inicio_Mes,1,139.08,130.83,75.7,86.7,343,139
2024-11-06,Tela de Aço,2024,11,Inicio_Mes,2,142.64,167.5,81.3,89.6,778,73
2024-11-07,Tela de Aço,2024,11,Inicio_Mes,3,136.35,157.37,84.1,87.9,865,69
2024-11-08,Tela de Aço,2024,11,Inicio_Mes,4,142.25,130.32,84.6,85.9,471,138
2024-11-09,Tela de Aço,2024,11,Inicio_Mes,5,136.43,135.72,94.7,87.1,883,42
2024-11-10,Tela de Aço,2024,11,Inicio_Mes,6,138.53,153.97,97.0,82.7,923,35
2024-11-11,Tela de Aço,2024,11,Meio_Mes,0,135.61,127.53,94.6,81.6,546,113
2024-11-12,Tela de Aço,2024,11,Meio_Mes,1,137.85,126.7,87.0,84.1,647,114
2024-11-13,Tela de Aço,2024,11,Meio_Mes,2,141.42,124.68,83.4,86.2,984,134
2024-11-14,Tela de Aço,2024,11,Meio_Mes,3,132.91,146.16,92.1,86.9,505,66
2024-11-15,Tela de Aço,2024,11,Meio_Mes,4,138.13,155.67,91.7,85.7,642,57
2024-11-16,Tela de Aço,2024,11,Meio_Mes,5,134.61,144.49,80.1,82.2,876,27
2024-11-17,Tela de Aço,2024,11,Meio_Mes,6,144.68,144.77,78.0,78.5,963,27
2024-11-18,Tela de Aço,2024,11,Meio_Mes,0,141.4,157.58,76.9,75.8,615,67
2024-11-19,Tela de Aço,2024,11,Meio_Mes,1,136.3,153.02,70.3,77.4,483,59
2024-11-20,Tela de Aço,2024,11,Meio_Mes,2,141.57,136.85,62.4,78.4,782,102
2024-11-21,Tela de Aço,2024,11,Fim_Mes,3,136.18,151.45,57.9,79.2,391,46
2024-11-22,Tela de Aço,2024,11,Fim_Mes,4,139.31,134.34,55.0,76.4,1020,70
2024-11-23,Tela de Aço,2024,11,Fim_Mes,5,134.55,145.78,56.9,75.6,342,18
2024-11-24,Tela de Aço,2024,11,Fim_Mes,6,136.68,159.49,55.6,73.7,819,14
2024-11-25,Tela de Aço,2024,11,Fim_Mes,0,135.75,130.45,53.7,70.5,488,88
2024-11-26,Tela de Aço,2024,11,Fim_Mes,1,144.88,153.35,56.7,72.1,505,58
2024-11-27,Tela de Aço,2024,11,Fim_Mes,2,130.85,130.62,56.6,73.2,730,74
2024-11-28,Tela de Aço,2024,11,Fim_Mes,3,131.04,143.07,52.6,72.0,813,44
2024-11-29,Tela de Aço,2024,11,Fim_Mes,4,135.18,142.09,52.3,70.1,741,60
2024-11-30,Tela de Aço,2024,11,Fim_Mes,5,135.88,129.57,50.9,70.4,422,17
2024-12-01,Tela de Aço,2024,12,Inicio_Mes,6,135.79,146.03,50.7,68.7,795,26
2024-12-02,Tela de Aço,2024,12,Inicio_Mes,0,135.99,141.88,52.4,67.4,1022,95
2024-12-03,Tela de Aço,2024,12,Inicio_Mes,1,139.04,121.99,53.4,69.7,457,143
2024-12-04,Tela de Aço,2024,12,Inicio_Mes,2,142.31,159.3,65.6,72.7,1031,66
2024-12-05,Tela de Aço,2024,12,Inicio_Mes,3,134.9,150.33,64.4,69.4,755,65
2024-12-06,Tela de Aço,2024,12,Inicio_Mes,4,136.29,149.23,67.4,66.9,874,62
2024-12-07,Tela de Aço,2024,12,Inicio_Mes,5,130.77,153.18,67.7,66.5,797,20
2024-12-08,Tela de Aço,2024,12,Inicio_Mes,6,131.78,143.81,68.1,64.9,494,22
2024-12-09,Tela de Aço,2024,12,Inicio_Mes,0,136.68,129.26,67.6,61.0,772,113
2024-12-10,Tela de Aço,2024,12,Inicio_Mes,1,137.31,129.55,70.1,63.4,320,112
2024-12-11,Tela de Aço,2024,12,Meio_Mes,2,135.33,149.79,65.7,66.0,758,60
2024-12-12,Tela de Aço,2024,12,Meio_Mes,3,136.18,146.38,64.9,64.2,365,56
2024-12-13,Tela de Aço,2024,12,Meio_Mes,4,137.71,141.55,63.6,62.3,527,63
2024-12-14,Tela de Aço,2024,12,Meio_Mes,5,137.54,146.18,63.7,59.9,589,18
2024-12-15,Tela de Aço,2024,12,Meio_Mes,6,137.96,131.88,63.4,58.3,501,27
2024-12-16,Tela de Aço,2024,12,Meio_Mes,0,140.35,124.07,64.1,57.3,998,109
2024-12-17,Tela de Aço,2024,12,Meio_Mes,1,135.09,146.57,63.6,60.0,597,64
2024-12-18,Tela de Aço,2024,12,Meio_Mes,2,140.63,164.22,56.7,61.3,411,47
2024-12-19,Tela de Aço,2024,12,Meio_Mes,3,135.03,131.54,54.9,60.6,581,62
2024-12-20,Tela de Aço,2024,12,Meio_Mes,4,137.31,136.48,55.7,60.7,460,68
2024-12-21,Tela de Aço,2024,12,Fim_Mes,5,138.47,139.93,56.4,59.6,534,22
2024-12-22,Tela de Aço,2024,12,Fim_Mes,6,133.16,123.56,57.0,58.8,845,29
2024-12-23,Tela de Aço,2024,12,Fim_Mes,0,135.04,125.52,57.3,57.4,994,74
2024-12-24,Tela de Aço,2024,12,Fim_Mes,1,130.89,148.98,52.3,59.3,604,44
2024-12-25,Tela de Aço,2024,12,Fim_Mes,2,134.33,130.93,49.4,60.3,548,64
2024-12-26,Tela de Aço,2024,12,Fim_Mes,3,134.22,139.65,51.9,59.5,367,53
2024-12-27,Tela de Aço,2024,12,Fim_Mes,4,136.66,158.42,50.6,59.3,591,30
2024-12-28,Tela de Aço,2024,12,Fim_Mes,5,134.43,119.9,45.1,57.8,362,30
2024-12-29,Tela de Aço,2024,12,Fim_Mes,6,135.61,123.06,46.3,57.4,867,24
2024-12-30,Tela de Aço,2024,12,Fim_Mes,0,138.32,134.89,45.6,56.2,684,66
2024-12-31,Tela de Aço,2024,12,Fim_Mes,1,133.12,126.12,44.4,57.8,848,75
2025-01-01,Tela de Aço,2025,1,Inicio_Mes,2,143.36,126.47,48.9,59.4,966,134
2025-01-02,Tela de Aço,2025,1,Inicio_Mes,3,146.34,141.75,58.9,60.7,410,81
2025-01-03,Tela de Aço,2025,1,Inicio_Mes,4,146.56,134.39,62.9,58.7,645,117
2025-01-04,Tela de Aço,2025,1,Inicio_Mes,5,145.85,128.64,75.3,60.4,714,48
2025-01-05,Tela de Aço,2025,1,Inicio_Mes,6,147.71,156.22,77.9,59.8,429,29
2025-01-06,Tela de Aço,2025,1,Inicio_Mes,0,148.03,127.02,78.6,58.7,616,147
2025-01-07,Tela de Aço,2025,1,Inicio_Mes,1,148.92,137.2,90.1,62.9,745,113
2025-01-08,Tela de Aço,2025,1,Inicio_Mes,2,148.65,138.71,95.6,66.0,1026,113
2025-01-09,Tela de Aço,2025,1,Inicio_Mes,3,149.47,131.27,92.6,66.0,452,119
2025-01-10,Tela de Aço,2025,1,Inicio_Mes,4,142.26,149.63,98.0,66.2,821,79
2025-01-11,Tela de Aço,2025,1,Meio_Mes,5,143.86,125.59,92.6,66.8,744,32
2025-01-12,Tela de Aço,2025,1,Meio_Mes,6,151.41,154.17,90.3,66.0,624,23
2025-01-13,Tela de Aço,2025,1,Meio_Mes,0,145.55,139.83,89.4,64.7,1022,81
2025-01-14,Tela de Aço,2025,1,Meio_Mes,1,145.72,152.13,80.0,66.8,930,68
2025-01-15,Tela de Aço,2025,1,Meio_Mes,2,146.05,127.73,73.6,68.2,687,104
2025-01-16,Tela de Aço,2025,1,Meio_Mes,3,149.03,157.05,72.3,68.0,783,57
2025-01-17,Tela de Aço,2025,1,Meio_Mes,4,145.49,157.69,63.4,67.8,474,54
2025-01-18,Tela de Aço,2025,1,Meio_Mes,5,146.24,144.5,59.9,68.0,686,20
2025-01-19,Tela de Aço,2025,1,Meio_Mes,6,142.8,122.75,58.1,66.6,755,34
2025-01-20,Tela de Aço,2025,1,Meio_Mes,0,143.56,163.1,59.7,65.5,857,46
2025-01-21,Tela de Aço,2025,1,Fim_Mes,1,148.47,132.61,54.7,66.3,821,84
2025-01-22,Tela de Aço,2025,1,Fim_Mes,2,147.93,128.91,57.0,68.1,914,78
2025-01-23,Tela de Aço,2025,1,Fim_Mes,3,148.69,162.91,53.3,68.2,766,44
2025-01-24,Tela de Aço,2025,1,Fim_Mes,4,148.36,164.58,51.4,68.2,652,44
2025-01-25,Tela de Aço,2025,1,Fim_Mes,5,149.45,149.85,50.0,67.6,885,22
2025-01-26,Tela de Aço,2025,1,Fim_Mes,6,150.41,136.77,50.3,66.5,656,30
2025-01-27,Tela de Aço,2025,1,Fim_Mes,0,156.41,175.79,49.7,66.5,355,38
2025-01-28,Tela de Aço,2025,1,Fim_Mes,1,150.73,137.94,48.6,66.8,548,79
2025-01-29,Tela de Aço,2025,1,Fim_Mes,2,151.26,131.15,47.9,68.6,434,76
2025-01-30,Tela de Aço,2025,1,Fim_Mes,3,149.89,138.95,47.6,69.0,646,64
2025-01-31,Tela de Aço,2025,1,Fim_Mes,4,155.75,155.38,50.4,68.6,888,52
2025-02-01,Tela de Aço,2025,2,Inicio_Mes,5,148.6,133.98,51.6,65.9,634,44
2025-02-02,Tela de Aço,2025,2,Inicio_Mes,6,155.86,162.35,54.7,64.6,599,26
2025-02-03,Tela de Aço,2025,2,Inicio_Mes,0,150.2,156.2,54.1,61.6,624,88
2025-02-04,Tela de Aço,2025,2,Inicio_Mes,1,148.09,158.27,61.3,62.9,933,84
2025-02-05,Tela de Aço,2025,2,Inicio_Mes,2,151.99,178.12,62.0,64.8,559,55
2025-02-06,Tela de Aço,2025,2,Inicio_Mes,3,149.98,157.48,59.0,61.7,384,78
2025-02-07,Tela de Aço,2025,2,Inicio_Mes,4,154.66,161.56,61.0,60.5,643,83
2025-02-08,Tela de Aço,2025,2,Inicio_Mes,5,155.13,161.72,65.4,59.5,707,29
2025-02-09,Tela de Aço,2025,2,Inicio_Mes,6,148.76,126.63,63.3,56.5,493,48
2025-02-10,Tela de Aço,2025,2,Inicio_Mes,0,146.17,145.88,66.4,55.5,1026,103
2025-02-11,Tela de Aço,2025,2,Meio_Mes,1,151.52,135.47,68.6,57.9,354,94
2025-02-12,Tela de Aço,2025,2,Meio_Mes,2,154.8,170.44,70.0,60.2,427,65
2025-02-13,Tela de Aço,2025,2,Meio_Mes,3,149.2,138.05,71.4,59.7,328,85
2025-02-14,Tela de Aço,2025,2,Meio_Mes,4,152.9,135.86,72.4,60.3,1029,91
2025-02-15,Tela de Aço,2025,2,Meio_Mes,5,151.99,139.18,73.6,59.8,743,30
2025-02-16,Tela de Aço,2025,2,Meio_Mes,6,153.26,162.68,73.7,58.9,618,21
2025-02-17,Tela de Aço,2025,2,Meio_Mes,0,152.07,162.08,69.9,57.8,619,62
2025-02-18,Tela de Aço,2025,2,Meio_Mes,1,156.44,162.15,64.0,59.2,938,67
2025-02-19,Tela de Aço,2025,2,Meio_Mes,2,155.72,166.97,60.1,60.3,402,62
2025-02-20,Tela de Aço,2025,2,Meio_Mes,3,153.48,178.32,59.7,60.9,421,52
2025-02-21,Tela de Aço,2025,2,Fim_Mes,4,151.47,176.58,55.0,59.8,557,42
2025-02-22,Tela de Aço,2025,2,Fim_Mes,5,157.89,186.08,48.0,58.6,501,9
2025-02-23,Tela de Aço,2025,2,Fim_Mes,6,158.12,149.79,45.0,57.4,330,10
2025-02-24,Tela de Aço,2025,2,Fim_Mes,0,153.52,152.97,43.4,56.3,443,59
2025-02-25,Tela de Aço,2025,2,Fim_Mes,1,156.95,137.82,43.0,57.5,788,91
2025-02-26,Tela de Aço,2025,2,Fim_Mes,2,157.02,133.62,46.4,59.6,498,96
2025-02-27,Tela de Aço,2025,2,Fim_Mes,3,158.82,139.79,51.3,61.5,689,81
2025-02-28,Tela de Aço,2025,2,Fim_Mes,4,154.18,172.28,55.4,61.6,417,37
2025-03-01,Tela de Aço,2025,3,Inicio_Mes,5,158.35,144.31,54.7,60.3,1024,49
2025-03-02,Tela de Aço,2025,3,Inicio_Mes,6,156.35,141.68,60.4,59.8,547,51
2025-03-03,Tela de Aço,2025,3,Inicio_Mes,0,151.14,142.47,66.3,59.7,1020,139
2025-03-04,Tela de Aço,2025,3,Inicio_Mes,1,157.87,134.21,77.7,62.9,749,180
2025-03-05,Tela de Aço,2025,3,Inicio_Mes,2,155.81,141.98,90.4,68.0,789,157
2025-03-06,Tela de Aço,2025,3,Inicio_Mes,3,159.55,152.43,99.1,70.3,501,125
2025-03-07,Tela de Aço,2025,3,Inicio_Mes,4,160.17,160.05,105.4,71.7,625,106
2025-03-08,Tela de Aço,2025,3,Inicio_Mes,5,155.91,160.17,115.3,73.4,336,30
2025-03-09,Tela de Aço,2025,3,Inicio_Mes,6,161.05,173.03,112.6,71.8,777,30
2025-03-10,Tela de Aço,2025,3,Inicio_Mes,0,160.99,165.6,109.6,70.0,553,113
2025-03-11,Tela de Aço,2025,3,Meio_Mes,1,159.85,166.78,105.9,72.8,805,82
2025-03-12,Tela de Aço,2025,3,Meio_Mes,2,158.42,155.47,91.9,74.0,689,103
2025-03-13,Tela de Aço,2025,3,Meio_Mes,3,155.23,151.83,84.1,74.0,388,91
2025-03-14,Tela de Aço,2025,3,Meio_Mes,4,153.59,151.11,79.3,73.9,809,93
2025-03-15,Tela de Aço,2025,3,Meio_Mes,5,157.13,173.59,77.4,74.8,916,19
2025-03-16,Tela de Aço,2025,3,Meio_Mes,6,159.08,160.69,75.9,72.6,710,30
2025-03-17,Tela de Aço,2025,3,Meio_Mes,0,151.52,148.45,75.9,70.6,599,96
2025-03-18,Tela de Aço,2025,3,Meio_Mes,1,153.59,174.19,73.4,72.8,370,59
2025-03-19,Tela de Aço,2025,3,Meio_Mes,2,153.68,148.1,70.1,74.0,364,103
2025-03-20,Tela de Aço,2025,3,Meio_Mes,3,159.14,181.75,70.1,75.4,479,51
2025-03-21,Tela de Aço,2025,3,Fim_Mes,4,150.6,171.42,64.4,74.9,869,34
2025-03-22,Tela de Aço,2025,3,Fim_Mes,5,162.48,183.54,56.0,73.9,326,17
2025-03-23,Tela de Aço,2025,3,Fim_Mes,6,158.68,173.64,55.7,72.8,710,17
2025-03-24,Tela de Aço,2025,3,Fim_Mes,0,149.8,153.06,53.9,71.9,791,72
2025-03-25,Tela de Aço,2025,3,Fim_Mes,1,160.97,182.57,50.4,74.0,431,48
2025-03-26,Tela de Aço,2025,3,Fim_Mes,2,149.32,160.8,48.9,75.3,499,55
2025-03-27,Tela de Aço,2025,3,Fim_Mes,3,158.43,156.53,42.0,75.2,975,69
2025-03-28,Tela de Aço,2025,3,Fim_Mes,4,159.29,136.47,44.6,74.4,755,98
2025-03-29,Tela de Aço,2025,3,Fim_Mes,5,157.61,148.71,53.7,74.5,814,26
2025-03-30,Tela de Aço,2025,3,Fim_Mes,6,152.15,131.07,55.0,72.7,614,38
2025-03-31,Tela de Aço,2025,3,Fim_Mes,0,157.95,175.98,58.0,72.7,649,51
2025-04-01,Tela de Aço,2025,4,Inicio_Mes,1,159.74,179.38,55.0,72.8,626,111
2025-04-02,Tela de Aço,2025,4,Inicio_Mes,2,152.15,156.25,64.0,74.8,643,132
2025-04-03,Tela de Aço,2025,4,Inicio_Mes,3,152.24,165.51,75.0,74.5,473,100
2025-04-04,Tela de Aço,2025,4,Inicio_Mes,4,153.53,142.04,79.4,71.9,740,153
2025-04-05,Tela de Aço,2025,4,Inicio_Mes,5,151.98,156.12,87.3,71.7,466,34
2025-04-06,Tela de Aço,2025,4,Inicio_Mes,6,148.43,127.91,88.4,68.7,678,62
2025-04-07,Tela de Aço,2025,4,Inicio_Mes,0,160.06,173.4,91.9,67.2,447,124
2025-04-08,Tela de Aço,2025,4,Inicio_Mes,1,156.16,181.55,102.3,70.4,417,89
2025-04-09,Tela de Aço,2025,4,Inicio_Mes,2,149.26,129.83,99.1,72.3,554,210
2025-04-10,Tela de Aço,2025,4,Inicio_Mes,3,154.84,158.89,110.3,75.6,423,115
2025-04-11,Tela de Aço,2025,4,Meio_Mes,4,154.47,148.47,112.4,76.7,741,105
2025-04-12,Tela de Aço,2025,4,Meio_Mes,5,151.38,139.81,105.6,76.7,455,43
2025-04-13,Tela de Aço,2025,4,Meio_Mes,6,158.47,148.5,106.9,75.1,328,38
2025-04-14,Tela de Aço,2025,4,Meio_Mes,0,159.96,186.79,103.4,73.3,744,72
2025-04-15,Tela de Aço,2025,4,Meio_Mes,1,160.0,184.99,96.0,75.1,916,68
2025-04-16,Tela de Aço,2025,4,Meio_Mes,2,148.87,139.44,93.0,76.3,683,131
2025-04-17,Tela de Aço,2025,4,Meio_Mes,3,152.06,132.65,81.7,77.5,840,149
2025-04-18,Tela de Aço,2025,4,Meio_Mes,4,149.91,160.28,86.6,80.5,627,86
2025-04-19,Tela de Aço,2025,4,Meio_Mes,5,157.29,179.55,83.9,79.9,676,25
2025-04-20,Tela de Aço,2025,4,Meio_Mes,6,154.55,142.59,81.3,79.1,599,41
2025-04-21,Tela de Aço,2025,4,Fim_Mes,0,152.26,149.71,81.7,79.3,474,97
2025-04-22,Tela de Aço,2025,4,Fim_Mes,1,146.78,133.29,85.3,82.0,855,112
2025-04-23,Tela de Aço,2025,4,Fim_Mes,2,149.66,146.27,91.6,85.1,1027,89
2025-04-24,Tela de Aço,2025,4,Fim_Mes,3,148.13,130.3,85.6,85.7,745,110
2025-04-25,Tela de Aço,2025,4,Fim_Mes,4,145.66,144.57,80.0,87.8,358,87
2025-04-26,Tela de Aço,2025,4,Fim_Mes,5,152.83,137.45,80.1,88.8,394,54
2025-04-27,Tela de Aço,2025,4,Fim_Mes,6,145.85,136.07,84.3,88.3,444,37
2025-04-28,Tela de Aço,2025,4,Fim_Mes,0,147.17,135.29,83.7,86.3,674,108
2025-04-29,Tela de Aço,2025,4,Fim_Mes,1,151.9,137.36,85.3,89.0,898,118
2025-04-30,Tela de Aço,2025,4,Fim_Mes,2,147.72,144.99,86.1,91.7,442,96
2025-05-01,Tela de Aço,2025,5,Inicio_Mes,3,146.01,150.91,87.1,93.2,616,134
2025-05-02,Tela de Aço,2025,5,Inicio_Mes,4,146.28,131.24,90.6,94.0,937,207
2025-05-03,Tela de Aço,2025,5,Inicio_Mes,5,151.27,156.86,107.7,96.5,659,44
2025-05-04,Tela de Aço,2025,5,Inicio_Mes,6,153.06,134.53,106.3,94.6,801,77
2025-05-05,Tela de Aço,2025,5,Inicio_Mes,0,148.88,148.03,112.0,92.1,610,171
2025-05-06,Tela de Aço,2025,5,Inicio_Mes,1,147.41,131.45,121.0,96.6,663,228
2025-05-07,Tela de Aço,2025,5,Inicio_Mes,2,144.77,146.02,136.7,102.2,1034,172
2025-05-08,Tela de Aço,2025,5,Inicio_Mes,3,149.5,147.54,147.6,103.8,872,159
2025-05-09,Tela de Aço,2025,5,Inicio_Mes,4,145.36,164.13,151.1,106.1,569,99
2025-05-10,Tela de Aço,2025,5,Inicio_Mes,5,150.29,156.82,135.7,102.4,577,53
2025-05-11,Tela de Aço,2025,5,Meio_Mes,6,140.69,123.48,137.0,100.3,1034,64
2025-05-12,Tela de Aço,2025,5,Meio_Mes,0,144.86,154.22,135.1,99.0,556,113
2025-05-13,Tela de Aço,2025,5,Meio_Mes,1,141.36,136.16,126.9,101.3,615,143
2025-05-14,Tela de Aço,2025,5,Meio_Mes,2,145.8,169.33,114.7,104.8,350,90
2025-05-15,Tela de Aço,2025,5,Meio_Mes,3,153.26,176.81,103.0,105.4,355,75
2025-05-16,Tela de Aço,2025,5,Meio_Mes,4,148.43,138.02,91.0,105.6,950,143
2025-05-17,Tela de Aço,2025,5,Meio_Mes,5,145.47,144.73,97.3,106.0,352,44
2025-05-18,Tela de Aço,2025,5,Meio_Mes,6,144.52,124.22,96.0,102.5,816,66
2025-05-19,Tela de Aço,2025,5,Meio_Mes,0,141.31,130.11,96.3,101.9,366,162
2025-05-20,Tela de Aço,2025,5,Meio_Mes,1,150.02,152.55,103.3,106.4,908,131
2025-05-21,Tela de Aço,2025,5,Fim_Mes,2,145.08,123.93,101.6,109.4,820,164
2025-05-22,Tela de Aço,2025,5,Fim_Mes,3,148.6,158.14,112.1,111.7,572,69
2025-05-23,Tela de Aço,2025,5,Fim_Mes,4,142.95,139.13,111.3,110.2,474,97
2025-05-24,Tela de Aço,2025,5,Fim_Mes,5,139.42,120.08,104.7,110.5,550,59
2025-05-25,Tela de Aço,2025,5,Fim_Mes,6,145.21,158.16,106.9,108.8,822,31
2025-05-26,Tela de Aço,2025,5,Fim_Mes,0,141.41,132.91,101.9,106.9,918,124
2025-05-27,Tela de Aço,2025,5,Fim_Mes,1,143.14,122.13,96.4,109.3,420,160
2025-05-28,Tela de Aço,2025,5,Fim_Mes,2,145.36,127.16,100.6,113.4,999,142
2025-05-29,Tela de Aço,2025,5,Fim_Mes,3,145.01,160.61,97.4,114.5,863,68
2025-05-30,Tela de Aço,2025,5,Fim_Mes,4,147.55,156.48,97.3,112.8,772,85
2025-05-31,Tela de Aço,2025,5,Fim_Mes,5,143.51,156.66,95.6,112.5,879,26
2025-06-01,Tela de Aço,2025,6,Inicio_Mes,6,141.6,124.28,90.9,108.9,667,88
2025-06-02,Tela de Aço,2025,6,Inicio_Mes,0,146.27,145.75,99.0,104.9,731,193
2025-06-03,Tela de Aço,2025,6,Inicio_Mes,1,140.66,148.12,108.9,109.9,916,164
2025-06-04,Tela de Aço,2025,6,Inicio_Mes,2,143.16,149.73,109.4,112.8,438,162
2025-06-05,Tela de Aço,2025,6,Inicio_Mes,3,138.09,125.18,112.3,112.5,800,215
2025-06-06,Tela de Aço,2025,6,Inicio_Mes,4,146.88,129.11,133.3,112.0,963,241
2025-06-07,Tela de Aço,2025,6,Inicio_Mes,5,137.33,137.68,155.6,114.3,600,56
2025-06-08,Tela de Aço,2025,6,Inicio_Mes,6,144.25,159.81,159.9,110.9,990,43
2025-06-09,Tela de Aço,2025,6,Inicio_Mes,0,143.29,134.78,153.4,109.0,913,218
2025-06-10,Tela de Aço,2025,6,Inicio_Mes,1,141.91,136.51,157.0,114.5,552,211
2025-06-11,Tela de Aço,2025,6,Meio_Mes,2,144.73,152.12,163.7,119.4,934,129
2025-06-12,Tela de Aço,2025,6,Meio_Mes,3,142.25,142.06,159.0,120.0,328,118
2025-06-13,Tela de Aço,2025,6,Meio_Mes,4,147.64,154.33,145.1,119.1,850,117
2025-06-14,Tela de Aço,2025,6,Meio_Mes,5,139.67,124.09,127.4,120.0,749,65
2025-06-15,Tela de Aço,2025,6,Meio_Mes,6,140.65,139.49,128.7,119.7,719,47
2025-06-16,Tela de Aço,2025,6,Meio_Mes,0,145.41,154.49,129.3,116.5,559,119
2025-06-17,Tela de Aço,2025,6,Meio_Mes,1,144.01,152.7,115.1,119.0,718,129
2025-06-18,Tela de Aço,2025,6,Meio_Mes,2,143.52,160.73,103.4,121.1,743,104
2025-06-19,Tela de Aço,2025,6,Meio_Mes,3,139.56,134.3,99.9,119.2,663,140
2025-06-20,Tela de Aço,2025,6,Meio_Mes,4,142.34,128.76,103.0,119.5,1023,160
2025-06-21,Tela de Aço,2025,6,Fim_Mes,5,142.14,154.82,109.1,119.3,633,33
2025-06-22,Tela de Aço,2025,6,Fim_Mes,6,137.68,130.71,104.6,118.1,736,49
2025-06-23,Tela de Aço,2025,6,Fim_Mes,0,150.2,141.88,104.9,116.5,584,137
2025-06-24,Tela de Aço,2025,6,Fim_Mes,1,141.52,125.14,107.4,119.1,905,162
2025-06-25,Tela de Aço,2025,6,Fim_Mes,2,142.57,134.01,112.1,123.5,947,137
2025-06-26,Tela de Aço,2025,6,Fim_Mes,3,136.58,139.42,116.9,123.9,595,97
2025-06-27,Tela de Aço,2025,6,Fim_Mes,4,139.53,164.51,110.7,121.8,626,63
2025-06-28,Tela de Aço,2025,6,Fim_Mes,5,146.48,142.1,96.9,119.2,919,37
2025-06-29,Tela de Aço,2025,6,Fim_Mes,6,147.9,130.96,97.4,118.2,929,50
2025-06-30,Tela de Aço,2025,6,Fim_Mes,0,140.28,125.96,97.6,117.0,547,159
2025-07-01,Tela de Aço,2025,7,Inicio_Mes,1,141.49,138.81,100.7,121.4,731,208
2025-07-02,Tela de Aço,2025,7,Inicio_Mes,2,143.12,160.34,107.3,125.4,713,144
2025-07-03,Tela de Aço,2025,7,Inicio_Mes,3,142.97,148.68,108.3,123.8,1004,155
2025-07-04,Tela de Aço,2025,7,Inicio_Mes,4,142.18,131.18,116.6,123.5,464,217
2025-07-05,Tela de Aço,2025,7,Inicio_Mes,5,141.92,144.25,138.6,125.3,654,66
2025-07-06,Tela de Aço,2025,7,Inicio_Mes,6,143.76,123.64,142.7,120.4,414,85
2025-07-07,Tela de Aço,2025,7,Inicio_Mes,0,144.75,143.24,147.7,115.2,692,205
2025-07-08,Tela de Aço,2025,7,Inicio_Mes,1,148.08,164.19,154.3,120.1,869,142
2025-07-09,Tela de Aço,2025,7,Inicio_Mes,2,141.56,136.11,144.9,123.4,658,223
2025-07-10,Tela de Aço,2025,7,Inicio_Mes,3,147.85,141.74,156.1,123.6,419,190
2025-07-11,Tela de Aço,2025,7,Meio_Mes,4,145.37,134.4,161.1,122.9,760,165
2025-07-12,Tela de Aço,2025,7,Meio_Mes,5,142.53,144.1,153.7,124.1,825,47
2025-07-13,Tela de Aço,2025,7,Meio_Mes,6,148.19,140.09,151.0,121.7,382,56
2025-07-14,Tela de Aço,2025,7,Meio_Mes,0,144.65,150.47,146.9,119.7,890,138
2025-07-15,Tela de Aço,2025,7,Meio_Mes,1,148.91,133.23,137.3,122.1,529,199
2025-07-16,Tela de Aço,2025,7,Meio_Mes,2,146.52,135.31,145.4,127.2,836,187
2025-07-17,Tela de Aço,2025,7,Meio_Mes,3,145.93,150.05,140.3,129.5,651,127
2025-07-18,Tela de Aço,2025,7,Meio_Mes,4,145.17,152.27,131.3,129.4,1029,107
2025-07-19,Tela de Aço,2025,7,Meio_Mes,5,146.0,155.78,123.0,129.5,964,45
2025-07-20,Tela de Aço,2025,7,Meio_Mes,6,147.82,145.93,122.7,126.3,752,50
2025-07-21,Tela de Aço,2025,7,Fim_Mes,0,147.12,136.93,121.9,122.7,857,148
2025-07-22,Tela de Aço,2025,7,Fim_Mes,1,141.74,156.8,123.3,126.5,717,91
2025-07-23,Tela de Aço,2025,7,Fim_Mes,2,143.39,144.65,107.9,127.9,764,124
2025-07-24,Tela de Aço,2025,7,Fim_Mes,3,143.57,167.6,98.9,127.5,688,65
2025-07-25,Tela de Aço,2025,7,Fim_Mes,4,145.9,141.11,90.0,124.2,613,124
2025-07-26,Tela de Aço,2025,7,Fim_Mes,5,151.21,155.65,92.4,123.8,677,26
2025-07-27,Tela de Aço,2025,7,Fim_Mes,6,148.12,134.17,89.7,121.4,410,45
2025-07-28,Tela de Aço,2025,7,Fim_Mes,0,148.88,158.95,89.0,120.8,609,103
2025-07-29,Tela de Aço,2025,7,Fim_Mes,1,149.38,164.89,82.6,123.0,585,94
2025-07-30,Tela de Aço,2025,7,Fim_Mes,2,148.13,139.16,83.0,124.5,525,145
2025-07-31,Tela de Aço,2025,7,Fim_Mes,3,151.2,130.11,86.0,124.0,374,154
2025-08-01,Tela de Aço,2025,8,Inicio_Mes,4,146.84,136.05,98.7,122.2,894,203
2025-08-02,Tela de Aço,2025,8,Inicio_Mes,5,149.29,148.05,110.0,124.2,613,62
2025-08-03,Tela de Aço,2025,8,Inicio_Mes,6,150.89,163.22,115.1,121.1,839,45
2025-08-04,Tela de Aço,2025,8,Inicio_Mes,0,152.28,176.96,115.1,115.4,638,129
2025-08-05,Tela de Aço,2025,8,Inicio_Mes,1,148.64,172.1,118.9,117.5,374,132
2025-08-06,Tela de Aço,2025,8,Inicio_Mes,2,156.55,173.98,124.3,119.0,739,140
2025-08-07,Tela de Aço,2025,8,Inicio_Mes,3,150.43,129.03,123.6,116.9,557,247
2025-08-08,Tela de Aço,2025,8,Inicio_Mes,4,153.72,173.61,136.9,120.4,411,116
2025-08-09,Tela de Aço,2025,8,Inicio_Mes,5,151.9,155.79,124.4,116.8,511,53
2025-08-10,Tela de Aço,2025,8,Inicio_Mes,6,154.29,150.7,123.1,112.2,850,64
2025-08-11,Tela de Aço,2025,8,Meio_Mes,0,148.68,171.91,125.9,108.9,646,94
2025-08-12,Tela de Aço,2025,8,Meio_Mes,1,149.74,128.21,120.9,110.4,392,223
2025-08-13,Tela de Aço,2025,8,Meio_Mes,2,158.16,151.91,133.9,116.0,820,164
2025-08-14,Tela de Aço,2025,8,Meio_Mes,3,155.72,157.67,137.3,116.9,978,129
2025-08-15,Tela de Aço,2025,8,Meio_Mes,4,143.91,131.79,120.4,114.5,541,160
2025-08-16,Tela de Aço,2025,8,Meio_Mes,5,153.32,142.9,126.7,113.6,538,55
2025-08-17,Tela de Aço,2025,8,Meio_Mes,6,151.03,140.45,127.0,111.2,441,62
2025-08-18,Tela de Aço,2025,8,Meio_Mes,0,152.01,151.97,126.7,109.7,684,148
2025-08-19,Tela de Aço,2025,8,Meio_Mes,1,156.63,175.04,134.4,113.2,352,110
2025-08-20,Tela de Aço,2025,8,Meio_Mes,2,150.65,135.31,118.3,115.2,528,190
2025-08-21,Tela de Aço,2025,8,Fim_Mes,3,154.65,165.32,122.0,116.6,594,76
2025-08-22,Tela de Aço,2025,8,Fim_Mes,4,151.4,143.19,114.4,116.1,709,126
2025-08-23,Tela de Aço,2025,8,Fim_Mes,5,156.25,170.02,109.6,116.1,383,28
2025-08-24,Tela de Aço,2025,8,Fim_Mes,6,155.95,164.0,105.7,114.9,910,36
2025-08-25,Tela de Aço,2025,8,Fim_Mes,0,150.6,153.46,102.0,112.0,715,109
2025-08-26,Tela de Aço,2025,8,Fim_Mes,1,161.94,188.35,96.4,114.7,969,81
2025-08-27,Tela de Aço,2025,8,Fim_Mes,2,155.75,180.88,92.3,115.9,390,75
2025-08-28,Tela de Aço,2025,8,Fim_Mes,3,155.08,175.14,75.9,115.0,683,64
2025-08-29,Tela de Aço,2025,8,Fim_Mes,4,153.54,143.3,74.1,114.0,846,126
2025-08-30,Tela de Aço,2025,8,Fim_Mes,5,154.13,144.48,74.1,113.4,571,40
2025-08-31,Tela de Aço,2025,8,Fim_Mes,6,152.92,158.0,75.9,109.6,391,40
2025-09-01,Tela de Aço,2025,9,Inicio_Mes,0,154.24,164.11,76.4,104.1,842,149
2025-09-02,Tela de Aço,2025,9,Inicio_Mes,1,156.77,165.13,82.1,107.0,628,147
2025-09-03,Tela de Aço,2025,9,Inicio_Mes,2,153.7,147.77,91.6,110.4,902,194
2025-09-04,Tela de Aço,2025,9,Inicio_Mes,3,159.17,158.47,108.6,112.6,835,157
2025-09-05,Tela de Aço,2025,9,Inicio_Mes,4,152.33,161.28,121.9,113.4,1022,126
2025-09-06,Tela de Aço,2025,9,Inicio_Mes,5,155.09,166.32,121.9,113.0,709,36
2025-09-07,Tela de Aço,2025,9,Inicio_Mes,6,157.73,137.1,121.3,105.9,1038,82
2025-09-08,Tela de Aço,2025,9,Inicio_Mes,0,158.13,168.39,127.3,104.8,936,145
2025-09-09,Tela de Aço,2025,9,Inicio_Mes,1,155.55,177.21,126.7,107.9,465,112
2025-09-10,Tela de Aço,2025,9,Inicio_Mes,2,155.6,176.13,121.7,109.5,814,120
2025-09-11,Tela de Aço,2025,9,Meio_Mes,3,160.42,158.55,111.1,110.3,459,120
2025-09-12,Tela de Aço,2025,9,Meio_Mes,4,156.77,160.74,105.9,106.9,900,100
2025-09-13,Tela de Aço,2025,9,Meio_Mes,5,157.81,174.8,102.1,104.8,458,37
2025-09-14,Tela de Aço,2025,9,Meio_Mes,6,156.37,168.79,102.3,101.7,614,33
2025-09-15,Tela de Aço,2025,9,Meio_Mes,0,155.59,132.86,95.3,97.5,536,202
2025-09-16,Tela de Aço,2025,9,Meio_Mes,1,151.13,155.14,103.4,102.4,951,128
2025-09-17,Tela de Aço,2025,9,Meio_Mes,2,156.05,156.44,105.7,104.6,715,133
2025-09-18,Tela de Aço,2025,9,Meio_Mes,3,159.05,155.03,107.6,104.1,325,117
2025-09-19,Tela de Aço,2025,9,Meio_Mes,4,156.64,158.39,107.1,104.3,336,109
2025-09-20,Tela de Aço,2025,9,Meio_Mes,5,153.29,158.62,108.4,101.6,536,43
2025-09-21,Tela de Aço,2025,9,Fim_Mes,6,155.67,144.25,109.3,100.5,705,36
2025-09-22,Tela de Aço,2025,9,Fim_Mes,0,156.72,141.35,109.7,97.5,803,133
2025-09-23,Tela de Aço,2025,9,Fim_Mes,1,155.21,155.89,99.9,101.0,371,104
2025-09-24,Tela de Aço,2025,9,Fim_Mes,2,151.98,155.65,96.4,103.3,692,102
2025-09-25,Tela de Aço,2025,9,Fim_Mes,3,156.71,163.35,92.0,103.0,609,86
2025-09-26,Tela de Aço,2025,9,Fim_Mes,4,158.68,157.52,87.6,103.2,916,93
2025-09-27,Tela de Aço,2025,9,Fim_Mes,5,154.91,167.52,85.3,103.8,529,29
2025-09-28,Tela de Aço,2025,9,Fim_Mes,6,153.04,166.73,83.3,102.6,485,22
2025-09-29,Tela de Aço,2025,9,Fim_Mes,0,154.25,155.34,81.3,99.2,352,95
2025-09-30,Tela de Aço,2025,9,Fim_Mes,1,152.47,152.17,75.9,101.0,770,101
2025-10-01,Tela de Aço,2025,10,Inicio_Mes,2,154.92,175.62,75.4,103.0,504,99
2025-10-02,Tela de Aço,2025,10,Inicio_Mes,3,158.59,169.51,75.0,101.4,566,105
2025-10-03,Tela de Aço,2025,10,Inicio_Mes,4,155.35,173.74,77.7,100.0,1007,100
2025-10-04,Tela de Aço,2025,10,Inicio_Mes,5,148.8,149.32,78.7,96.8,816,47
2025-10-05,Tela de Aço,2025,10,Inicio_Mes,6,154.69,178.36,81.3,93.2,906,32
2025-10-06,Tela de Aço,2025,10,Inicio_Mes,0,153.55,136.2,82.7,90.0,529,199
2025-10-07,Tela de Aço,2025,10,Inicio_Mes,1,158.73,182.02,97.6,95.5,769,99
2025-10-08,Tela de Aço,2025,10,Inicio_Mes,2,154.12,156.5,97.3,96.0,351,134
2025-10-09,Tela de Aço,2025,10,Inicio_Mes,3,151.58,161.21,102.3,95.7,654,105
2025-10-10,Tela de Aço,2025,10,Inicio_Mes,4,146.29,170.5,102.3,95.4,474,80
2025-10-11,Tela de Aço,2025,10,Meio_Mes,5,159.54,164.93,99.4,94.1,988,33
2025-10-12,Tela de Aço,2025,10,Meio_Mes,6,152.21,133.82,97.4,91.2,758,40
2025-10-13,Tela de Aço,2025,10,Meio_Mes,0,151.63,156.13,98.6,89.2,703,101
2025-10-14,Tela de Aço,2025,10,Meio_Mes,1,154.47,163.1,84.6,91.3,456,94
2025-10-15,Tela de Aço,2025,10,Meio_Mes,2,158.94,162.87,83.9,93.4,604,104
2025-10-16,Tela de Aço,2025,10,Meio_Mes,3,156.36,181.36,79.6,90.1,803,56
2025-10-17,Tela de Aço,2025,10,Meio_Mes,4,152.99,175.02,72.6,87.7,388,62
2025-10-18,Tela de Aço,2025,10,Meio_Mes,5,156.03,154.17,70.0,85.3,637,35
2025-10-19,Tela de Aço,2025,10,Meio_Mes,6,156.54,134.8,70.3,82.6,747,56
2025-10-20,Tela de Aço,2025,10,Meio_Mes,0,150.98,145.67,72.6,80.8,657,119
2025-10-21,Tela de Aço,2025,10,Fim_Mes,1,150.14,134.83,75.1,83.4,344,116
2025-10-22,Tela de Aço,2025,10,Fim_Mes,2,153.92,136.71,78.3,86.0,1001,123
2025-10-23,Tela de Aço,2025,10,Fim_Mes,3,154.25,163.96,81.0,85.7,915,72
2025-10-24,Tela de Aço,2025,10,Fim_Mes,4,151.67,163.81,83.3,84.6,742,59
2025-10-25,Tela de Aço,2025,10,Fim_Mes,5,152.42,148.63,82.9,83.2,564,39
2025-10-26,Tela de Aço,2025,10,Fim_Mes,6,153.71,155.82,83.4,81.6,913,29
2025-10-27,Tela de Aço,2025,10,Fim_Mes,0,148.33,129.09,79.6,79.5,356,126
2025-10-28,Tela de Aço,2025,10,Fim_Mes,1,146.1,158.8,80.6,82.7,854,65
2025-10-29,Tela de Aço,2025,10,Fim_Mes,2,151.52,136.02,73.3,84.2,416,111
2025-10-30,Tela de Aço,2025,10,Fim_Mes,3,149.12,144.25,71.6,84.7,889,81
2025-10-31,Tela de Aço,2025,10,Fim_Mes,4,146.7,160.47,72.9,84.0,605,61
2025-11-01,Tela de Aço,2025,11,Inicio_Mes,5,147.5,149.6,73.1,82.8,567,31
2025-11-02,Tela de Aço,2025,11,Inicio_Mes,6,147.76,126.53,72.0,80.3,876,51
2025-11-03,Tela de Aço,2025,11,Inicio_Mes,0,152.74,170.85,75.1,78.7,675,90
2025-11-04,Tela de Aço,2025,11,Inicio_Mes,1,150.92,163.13,70.0,80.1,497,92
2025-11-05,Tela de Aço,2025,11,Inicio_Mes,2,149.88,163.12,73.9,82.1,457,95
2025-11-06,Tela de Aço,2025,11,Inicio_Mes,3,146.19,143.06,71.6,78.6,853,112
2025-11-07,Tela de Aço,2025,11,Inicio_Mes,4,143.51,150.18,76.0,79.1,947,88
2025-11-08,Tela de Aço,2025,11,Inicio_Mes,5,147.57,133.14,79.9,77.5,820,48
2025-11-09,Tela de Aço,2025,11,Inicio_Mes,6,148.62,140.36,82.3,75.6,463,42
2025-11-10,Tela de Aço,2025,11,Inicio_Mes,0,146.35,147.75,81.0,74.4,680,117
2025-11-11,Tela de Aço,2025,11,Meio_Mes,1,144.82,141.08,84.9,77.2,804,98
2025-11-12,Tela de Aço,2025,11,Meio_Mes,2,147.48,154.06,85.7,79.1,464,88
2025-11-13,Tela de Aço,2025,11,Meio_Mes,3,144.36,134.58,84.7,78.7,481,96
2025-11-14,Tela de Aço,2025,11,Meio_Mes,4,154.65,179.68,82.4,78.7,460,56
2025-11-15,Tela de Aço,2025,11,Meio_Mes,5,149.58,154.8,77.9,77.1,503,29
2025-11-16,Tela de Aço,2025,11,Meio_Mes,6,149.27,129.22,75.1,76.2,477,39
2025-11-17,Tela de Aço,2025,11,Meio_Mes,0,148.72,148.76,74.7,75.5,822,96
2025-11-18,Tela de Aço,2025,11,Meio_Mes,1,142.35,139.7,71.7,77.5,737,96
2025-11-19,Tela de Aço,2025,11,Meio_Mes,2,139.23,141.7,71.4,78.8,337,86
2025-11-20,Tela de Aço,2025,11,Meio_Mes,3,148.02,152.88,71.1,77.7,644,72
2025-11-21,Tela de Aço,2025,11,Fim_Mes,4,142.01,138.66,67.7,76.3,921,65
2025-11-22,Tela de Aço,2025,11,Fim_Mes,5,144.6,141.68,69.0,74.3,929,27
2025-11-23,Tela de Aço,2025,11,Fim_Mes,6,149.13,138.13,68.7,72.8,855,20
2025-11-24,Tela de Aço,2025,11,Fim_Mes,0,148.5,164.48,66.0,71.5,474,55
2025-11-25,Tela de Aço,2025,11,Fim_Mes,1,146.88,141.62,60.1,72.1,444,85
2025-11-26,Tela de Aço,2025,11,Fim_Mes,2,144.02,139.17,58.6,73.9,719,81
2025-11-27,Tela de Aço,2025,11,Fim_Mes,3,144.86,135.45,57.9,72.4,483,77
2025-11-28,Tela de Aço,2025,11,Fim_Mes,4,143.05,131.75,58.6,72.8,515,65
2025-11-29,Tela de Aço,2025,11,Fim_Mes,5,145.12,160.23,58.6,71.3,652,14
2025-11-30,Tela de Aço,2025,11,Fim_Mes,6,146.34,131.07,56.7,69.1,1015,36
2025-12-01,Tela de Aço,2025,12,Inicio_Mes,0,141.73,129.18,59.0,68.2,410,132
2025-12-02,Tela de Aço,2025,12,Inicio_Mes,1,144.3,145.02,70.0,71.6,883,98
2025-12-03,Tela de Aço,2025,12,Inicio_Mes,2,144.79,155.87,71.9,73.2,333,87
2025-12-04,Tela de Aço,2025,12,Inicio_Mes,3,145.89,124.46,72.7,73.1,343,126
2025-12-05,Tela de Aço,2025,12,Inicio_Mes,4,144.02,135.03,79.7,74.2,815,111
2025-12-06,Tela de Aço,2025,12,Inicio_Mes,5,140.62,121.2,86.3,74.7,991,52
2025-12-07,Tela de Aço,2025,12,Inicio_Mes,6,140.2,141.93,91.7,72.7,873,30
2025-12-08,Tela de Aço,2025,12,Inicio_Mes,0,140.2,130.4,90.9,70.8,1034,120
2025-12-09,Tela de Aço,2025,12,Inicio_Mes,1,143.27,165.53,89.1,73.2,425,60
2025-12-10,Tela de Aço,2025,12,Inicio_Mes,2,141.46,149.84,83.7,73.8,867,88
2025-12-11,Tela de Aço,2025,12,Meio_Mes,3,139.99,127.1,83.9,72.8,623,95
2025-12-12,Tela de Aço,2025,12,Meio_Mes,4,141.54,145.42,79.4,72.7,1036,70
2025-12-13,Tela de Aço,2025,12,Meio_Mes,5,146.88,142.55,73.6,72.1,602,21
2025-12-14,Tela de Aço,2025,12,Meio_Mes,6,143.05,147.2,69.1,69.6,873,24
2025-12-15,Tela de Aço,2025,12,Meio_Mes,0,140.69,131.33,68.3,68.6,692,94
2025-12-16,Tela de Aço,2025,12,Meio_Mes,1,149.95,173.27,64.6,70.7,784,53
2025-12-17,Tela de Aço,2025,12,Meio_Mes,2,143.95,159.64,63.6,71.2,464,57
2025-12-18,Tela de Aço,2025,12,Meio_Mes,3,142.96,147.93,59.1,69.9,888,59
2025-12-19,Tela de Aço,2025,12,Meio_Mes,4,143.98,169.25,54.0,68.7,704,48
2025-12-20,Tela de Aço,2025,12,Meio_Mes,5,144.22,168.14,50.9,67.4,821,13
2025-12-21,Tela de Aço,2025,12,Fim_Mes,6,138.95,134.82,49.7,65.4,574,32
2025-12-22,Tela de Aço,2025,12,Fim_Mes,0,145.74,156.51,50.9,64.3,462,54
2025-12-23,Tela de Aço,2025,12,Fim_Mes,1,146.22,147.24,45.1,65.2,706,61
2025-12-24,Tela de Aço,2025,12,Fim_Mes,2,143.94,141.79,46.3,66.6,964,71
2025-12-25,Tela de Aço,2025,12,Fim_Mes,3,141.04,153.85,48.3,67.1,903,45
2025-12-26,Tela de Aço,2025,12,Fim_Mes,4,145.06,128.83,46.3,65.8,612,71
2025-12-27,Tela de Aço,2025,12,Fim_Mes,5,140.86,147.21,49.6,65.5,682,22
2025-12-28,Tela de Aço,2025,12,Fim_Mes,6,142.65,123.88,50.9,63.6,733,29
2025-12-29,Tela de Aço,2025,12,Fim_Mes,0,141.97,124.35,50.4,62.4,723,94
2025-12-30,Tela de Aço,2025,12,Fim_Mes,1,139.46,157.62,56.1,65.1,695,42
2025-12-31,Tela de Aço,2025,12,Fim_Mes,2,138.31,159.13,53.4,65.3,445,40
2023-01-01,Treliça,2023,1,Inicio_Mes,6,39.11,36.64,140.0,140.0,706,41
2023-01-02,Treliça,2023,1,Inicio_Mes,0,38.44,33.41,140.0,140.0,882,198
2023-01-03,Treliça,2023,1,Inicio_Mes,1,39.46,39.05,140.0,140.0,1091,163
2023-01-04,Treliça,2023,1,Inicio_Mes,2,39.64,34.41,140.0,140.0,1207,196
2023-01-05,Treliça,2023,1,Inicio_Mes,3,39.35,35.84,140.0,140.0,799,159
2023-01-06,Treliça,2023,1,Inicio_Mes,4,38.97,43.57,140.0,140.0,1256,102
2023-01-07,Treliça,2023,1,Inicio_Mes,5,39.0,42.39,140.0,140.0,1214,41
2023-01-08,Treliça,2023,1,Inicio_Mes,6,39.4,35.42,128.6,140.0,1083,58
2023-01-09,Treliça,2023,1,Inicio_Mes,0,39.36,44.43,131.0,140.0,480,113
2023-01-10,Treliça,2023,1,Inicio_Mes,1,40.08,35.35,118.9,140.0,1134,190
2023-01-11,Treliça,2023,1,Meio_Mes,2,40.19,35.79,122.7,140.0,708,144
2023-01-12,Treliça,2023,1,Meio_Mes,3,39.65,37.34,115.3,140.0,1419,111
2023-01-13,Treliça,2023,1,Meio_Mes,4,41.0,42.05,108.4,140.0,579,104
2023-01-14,Treliça,2023,1,Meio_Mes,5,39.31,39.55,108.7,140.0,1211,34
2023-01-15,Treliça,2023,1,Meio_Mes,6,40.16,46.57,107.7,140.0,538,29
2023-01-16,Treliça,2023,1,Meio_Mes,0,39.15,37.55,103.6,140.0,771,118
2023-01-17,Treliça,2023,1,Meio_Mes,1,37.77,38.49,104.3,140.0,1206,113
2023-01-18,Treliça,2023,1,Meio_Mes,2,38.94,35.23,93.3,140.0,857,136
2023-01-19,Treliça,2023,1,Meio_Mes,3,40.77,43.63,92.1,140.0,732,91
2023-01-20,Treliça,2023,1,Meio_Mes,4,41.34,41.75,89.3,140.0,1073,111
2023-01-21,Treliça,2023,1,Fim_Mes,5,42.41,46.06,90.3,140.0,598,21
2023-01-22,Treliça,2023,1,Fim_Mes,6,39.8,34.71,88.4,140.0,1534,41
2023-01-23,Treliça,2023,1,Fim_Mes,0,39.28,39.68,90.1,140.0,1376,87
2023-01-24,Treliça,2023,1,Fim_Mes,1,40.46,39.12,85.7,140.0,1131,101
2023-01-25,Treliça,2023,1,Fim_Mes,2,40.85,46.46,84.0,140.0,1082,65
2023-01-26,Treliça,2023,1,Fim_Mes,3,39.51,34.02,73.9,140.0,1361,102
2023-01-27,Treliça,2023,1,Fim_Mes,4,38.98,39.19,75.4,140.0,1364,75
2023-01-28,Treliça,2023,1,Fim_Mes,5,39.48,38.43,70.3,140.0,839,27
2023-01-29,Treliça,2023,1,Fim_Mes,6,40.87,41.17,71.1,140.0,1414,20
2023-01-30,Treliça,2023,1,Fim_Mes,0,40.67,44.81,68.1,140.0,1300,71
2023-01-31,Treliça,2023,1,Fim_Mes,1,40.9,47.29,65.9,95.4,839,68
2023-02-01,Treliça,2023,2,Inicio_Mes,2,40.41,34.44,61.1,96.3,739,219
2023-02-02,Treliça,2023,2,Inicio_Mes,3,40.49,36.78,83.1,97.0,510,163
2023-02-03,Treliça,2023,2,Inicio_Mes,4,40.2,46.27,91.9,97.0,1444,103
2023-02-04,Treliça,2023,2,Inicio_Mes,5,41.79,35.6,95.9,93.9,1543,78
2023-02-05,Treliça,2023,2,Inicio_Mes,6,39.81,45.58,103.1,91.2,794,46
2023-02-06,Treliça,2023,2,Inicio_Mes,0,40.11,46.3,106.9,89.3,632,113
2023-02-07,Treliça,2023,2,Inicio_Mes,1,41.08,45.28,112.9,91.7,1148,116
2023-02-08,Treliça,2023,2,Inicio_Mes,2,40.72,46.76,119.7,93.7,922,124
2023-02-09,Treliça,2023,2,Inicio_Mes,3,39.15,39.06,106.1,94.0,1317,157
2023-02-10,Treliça,2023,2,Inicio_Mes,4,39.36,36.81,105.3,92.9,520,159
2023-02-11,Treliça,2023,2,Meio_Mes,5,39.78,35.76,113.3,93.4,1186,52
2023-02-12,Treliça,2023,2,Meio_Mes,6,41.8,42.48,109.6,91.5,1445,43
2023-02-13,Treliça,2023,2,Meio_Mes,0,39.83,46.78,109.1,89.4,776,90
2023-02-14,Treliça,2023,2,Meio_Mes,1,40.73,35.38,105.9,91.3,1536,153
2023-02-15,Treliça,2023,2,Meio_Mes,2,42.0,44.79,111.1,95.4,1016,120
2023-02-16,Treliça,2023,2,Meio_Mes,3,41.02,44.56,110.6,95.5,930,86
2023-02-17,Treliça,2023,2,Meio_Mes,4,40.34,37.23,100.4,94.6,654,132
2023-02-18,Treliça,2023,2,Meio_Mes,5,41.75,46.89,96.6,94.5,893,27
2023-02-19,Treliça,2023,2,Meio_Mes,6,42.19,39.22,93.0,92.3,661,50
2023-02-20,Treliça,2023,2,Meio_Mes,0,41.0,48.13,94.0,90.3,844,85
2023-02-21,Treliça,2023,2,Fim_Mes,1,40.16,37.6,93.3,92.4,1032,117
2023-02-22,Treliça,2023,2,Fim_Mes,2,40.2,37.66,88.1,95.0,518,106
2023-02-23,Treliça,2023,2,Fim_Mes,3,40.86,36.0,86.1,95.6,665,124
2023-02-24,Treliça,2023,2,Fim_Mes,4,41.08,36.2,91.6,96.4,1294,106
2023-02-25,Treliça,2023,2,Fim_Mes,5,41.14,35.96,87.9,97.7,1366,45
2023-02-26,Treliça,2023,2,Fim_Mes,6,41.81,43.83,90.4,95.8,1216,28
2023-02-27,Treliça,2023,2,Fim_Mes,0,40.29,34.77,87.3,94.3,495,143
2023-02-28,Treliça,2023,2,Fim_Mes,1,41.08,42.61,95.6,98.1,1077,84
2023-03-01,Treliça,2023,3,Inicio_Mes,2,40.77,47.09,90.9,100.3,909,130
2023-03-02,Treliça,2023,3,Inicio_Mes,3,41.77,46.31,94.3,102.2,1040,134
2023-03-03,Treliça,2023,3,Inicio_Mes,4,40.5,46.3,95.7,104.4,739,128
2023-03-04,Treliça,2023,3,Inicio_Mes,5,40.63,45.2,98.9,101.4,930,46
2023-03-05,Treliça,2023,3,Inicio_Mes,6,40.11,46.02,99.0,97.5,1380,38
2023-03-06,Treliça,2023,3,Inicio_Mes,0,42.3,42.58,100.4,95.3,902,192
2023-03-07,Treliça,2023,3,Inicio_Mes,1,39.2,39.76,107.4,99.1,974,175
2023-03-08,Treliça,2023,3,Inicio_Mes,2,39.69,40.46,120.4,103.4,741,180
2023-03-09,Treliça,2023,3,Inicio_Mes,3,40.21,42.49,127.6,105.7,1265,156
2023-03-10,Treliça,2023,3,Inicio_Mes,4,40.24,39.35,130.7,107.0,886,187
2023-03-11,Treliça,2023,3,Meio_Mes,5,40.39,45.65,139.1,109.1,1424,50
2023-03-12,Treliça,2023,3,Meio_Mes,6,40.25,42.59,139.7,105.5,805,39
2023-03-13,Treliça,2023,3,Meio_Mes,0,41.11,37.68,139.9,101.5,732,179
2023-03-14,Treliça,2023,3,Meio_Mes,1,39.31,37.38,138.0,105.8,827,161
2023-03-15,Treliça,2023,3,Meio_Mes,2,39.94,44.34,136.0,109.7,660,109
2023-03-16,Treliça,2023,3,Meio_Mes,3,40.28,47.21,125.9,110.3,837,85
2023-03-17,Treliça,2023,3,Meio_Mes,4,40.31,46.32,115.7,108.1,1326,85
2023-03-18,Treliça,2023,3,Meio_Mes,5,38.94,40.06,101.1,106.9,578,50
2023-03-19,Treliça,2023,3,Meio_Mes,6,40.97,47.87,101.1,105.7,761,38
2023-03-20,Treliça,2023,3,Meio_Mes,0,40.03,43.36,101.0,102.6,1333,118
2023-03-21,Treliça,2023,3,Fim_Mes,1,39.47,40.23,92.3,105.6,837,105
2023-03-22,Treliça,2023,3,Fim_Mes,2,39.83,44.37,84.3,107.4,1107,98
2023-03-23,Treliça,2023,3,Fim_Mes,3,39.29,44.18,82.7,107.9,776,85
2023-03-24,Treliça,2023,3,Fim_Mes,4,38.64,38.91,82.7,106.8,823,102
2023-03-25,Treliça,2023,3,Fim_Mes,5,40.06,47.06,85.1,106.7,501,21
2023-03-26,Treliça,2023,3,Fim_Mes,6,38.83,33.52,81.0,103.2,915,56
2023-03-27,Treliça,2023,3,Fim_Mes,0,39.62,45.1,83.6,101.6,570,103
2023-03-28,Treliça,2023,3,Fim_Mes,1,40.43,43.29,81.4,103.5,1497,107
2023-03-29,Treliça,2023,3,Fim_Mes,2,37.6,35.81,81.7,106.1,967,123
2023-03-30,Treliça,2023,3,Fim_Mes,3,38.5,45.17,85.3,105.5,575,55
2023-03-31,Treliça,2023,3,Fim_Mes,4,39.31,41.5,81.0,104.5,1376,96
2023-04-01,Treliça,2023,4,Inicio_Mes,5,38.52,37.95,80.1,103.4,884,62
2023-04-02,Treliça,2023,4,Inicio_Mes,6,38.52,40.61,86.0,101.0,635,63
2023-04-03,Treliça,2023,4,Inicio_Mes,0,38.96,37.19,87.0,98.8,1211,251
2023-04-04,Treliça,2023,4,Inicio_Mes,1,39.41,44.87,108.1,105.6,867,168
2023-04-05,Treliça,2023,4,Inicio_Mes,2,39.7,45.64,116.9,110.0,734,157
2023-04-06,Treliça,2023,4,Inicio_Mes,3,38.74,45.41,121.7,108.8,783,141
2023-04-07,Treliça,2023,4,Inicio_Mes,4,39.11,39.41,134.0,107.7,721,209
2023-04-08,Treliça,2023,4,Inicio_Mes,5,38.11,39.35,150.1,108.6,753,72
2023-04-09,Treliça,2023,4,Inicio_Mes,6,38.27,37.76,151.6,105.8,731,70
2023-04-10,Treliça,2023,4,Inicio_Mes,0,39.54,42.9,152.6,101.9,1106,189
2023-04-11,Treliça,2023,4,Meio_Mes,1,38.83,35.14,143.7,106.6,1329,212
2023-04-12,Treliça,2023,4,Meio_Mes,2,38.17,36.86,150.0,112.3,1407,178
2023-04-13,Treliça,2023,4,Meio_Mes,3,38.64,34.66,153.0,112.3,1241,186
2023-04-14,Treliça,2023,4,Meio_Mes,4,38.33,38.75,159.4,113.1,1481,156
2023-04-15,Treliça,2023,4,Meio_Mes,5,37.0,38.51,151.9,114.7,1224,72
2023-04-16,Treliça,2023,4,Meio_Mes,6,37.73,41.86,151.9,114.3,887,43
2023-04-17,Treliça,2023,4,Meio_Mes,0,38.46,43.86,148.0,112.9,1438,123
2023-04-18,Treliça,2023,4,Meio_Mes,1,37.83,39.67,138.6,115.3,1134,165
2023-04-19,Treliça,2023,4,Meio_Mes,2,38.73,39.35,131.9,119.5,981,167
2023-04-20,Treliça,2023,4,Meio_Mes,3,38.08,34.61,130.3,121.2,1034,189
2023-04-21,Treliça,2023,4,Fim_Mes,4,38.46,42.7,130.7,124.0,1244,101
2023-04-22,Treliça,2023,4,Fim_Mes,5,38.44,44.01,122.9,124.1,689,30
2023-04-23,Treliça,2023,4,Fim_Mes,6,38.0,40.41,116.9,122.2,1068,46
2023-04-24,Treliça,2023,4,Fim_Mes,0,39.58,40.21,117.3,120.4,1011,136
2023-04-25,Treliça,2023,4,Fim_Mes,1,37.39,33.74,119.1,124.2,691,167
2023-04-26,Treliça,2023,4,Fim_Mes,2,38.23,40.19,119.4,127.9,646,113
2023-04-27,Treliça,2023,4,Fim_Mes,3,38.19,35.45,111.7,128.2,791,149
2023-04-28,Treliça,2023,4,Fim_Mes,4,37.26,36.81,106.0,129.6,1084,128
2023-04-29,Treliça,2023,4,Fim_Mes,5,37.44,39.25,109.9,129.8,833,31
2023-04-30,Treliça,2023,4,Fim_Mes,6,37.99,36.35,110.0,129.0,1385,52
2023-05-01,Treliça,2023,5,Inicio_Mes,0,37.19,42.75,110.9,127.5,872,208
2023-05-02,Treliça,2023,5,Inicio_Mes,1,37.49,37.51,121.1,132.4,851,254
2023-05-03,Treliça,2023,5,Inicio_Mes,2,38.27,43.3,133.6,138.8,1530,206
2023-05-04,Treliça,2023,5,Inicio_Mes,3,38.12,37.36,146.9,137.3,1211,239
2023-05-05,Treliça,2023,5,Inicio_Mes,4,37.53,40.93,159.7,139.6,1508,193
2023-05-06,Treliça,2023,5,Inicio_Mes,5,37.2,34.71,169.0,140.8,879,108
2023-05-07,Treliça,2023,5,Inicio_Mes,6,37.32,37.94,180.0,139.7,1047,80
2023-05-08,Treliça,2023,5,Inicio_Mes,0,36.95,36.58,184.0,135.4,869,266
2023-05-09,Treliça,2023,5,Inicio_Mes,1,37.33,38.78,192.3,141.9,1401,255
2023-05-10,Treliça,2023,5,Inicio_Mes,2,36.96,40.12,192.4,148.1,950,223
2023-05-11,Treliça,2023,5,Meio_Mes,3,37.04,37.44,194.9,149.2,863,176
2023-05-12,Treliça,2023,5,Meio_Mes,4,37.82,41.75,185.9,148.0,744,136
2023-05-13,Treliça,2023,5,Meio_Mes,5,35.99,33.52,177.7,146.6,489,82
2023-05-14,Treliça,2023,5,Meio_Mes,6,36.71,38.62,174.0,143.1,659,56
2023-05-15,Treliça,2023,5,Meio_Mes,0,39.03,37.01,170.6,139.8,517,231
2023-05-16,Treliça,2023,5,Meio_Mes,1,36.42,40.53,165.6,145.1,946,168
2023-05-17,Treliça,2023,5,Meio_Mes,2,37.71,40.93,153.1,149.3,775,150
2023-05-18,Treliça,2023,5,Meio_Mes,3,37.19,35.62,142.7,150.2,957,191
2023-05-19,Treliça,2023,5,Meio_Mes,4,36.99,39.01,144.9,151.0,1067,176
2023-05-20,Treliça,2023,5,Meio_Mes,5,37.74,38.73,150.6,151.3,1213,69
2023-05-21,Treliça,2023,5,Fim_Mes,6,36.91,36.4,148.7,147.3,1305,61
2023-05-22,Treliça,2023,5,Fim_Mes,0,36.49,41.76,149.4,146.0,513,118
2023-05-23,Treliça,2023,5,Fim_Mes,1,37.7,43.9,133.3,148.9,538,118
2023-05-24,Treliça,2023,5,Fim_Mes,2,35.94,34.47,126.1,151.3,577,191
2023-05-25,Treliça,2023,5,Fim_Mes,3,36.35,32.15,132.0,153.2,1141,206
2023-05-26,Treliça,2023,5,Fim_Mes,4,37.74,43.35,134.1,154.5,922,110
2023-05-27,Treliça,2023,5,Fim_Mes,5,36.43,36.2,124.7,154.4,914,50
2023-05-28,Treliça,2023,5,Fim_Mes,6,38.49,42.24,122.0,151.1,1030,54
2023-05-29,Treliça,2023,5,Fim_Mes,0,36.97,31.99,121.0,148.6,1241,220
2023-05-30,Treliça,2023,5,Fim_Mes,1,36.94,42.72,135.6,154.9,1117,125
2023-05-31,Treliça,2023,5,Fim_Mes,2,37.93,35.96,136.6,157.3,862,187
2023-06-01,Treliça,2023,6,Inicio_Mes,3,37.27,36.72,136.0,156.6,1550,268
2023-06-02,Treliça,2023,6,Inicio_Mes,4,39.19,40.16,144.9,157.1,827,238
2023-06-03,Treliça,2023,6,Inicio_Mes,5,36.9,40.82,163.1,158.2,1155,77
2023-06-04,Treliça,2023,6,Inicio_Mes,6,36.04,40.86,167.0,152.8,1236,67
2023-06-05,Treliça,2023,6,Inicio_Mes,0,38.96,34.29,168.9,148.6,991,393
2023-06-06,Treliça,2023,6,Inicio_Mes,1,36.84,39.35,193.6,158.1,1464,251
2023-06-07,Treliça,2023,6,Inicio_Mes,2,36.28,38.61,211.6,163.8,1420,254
2023-06-08,Treliça,2023,6,Inicio_Mes,3,37.79,38.81,221.1,163.4,1292,249
2023-06-09,Treliça,2023,6,Inicio_Mes,4,37.08,36.28,218.4,163.2,1032,267
2023-06-10,Treliça,2023,6,Inicio_Mes,5,37.27,36.08,222.6,164.6,794,100
2023-06-11,Treliça,2023,6,Meio_Mes,6,38.08,44.46,225.9,162.1,1185,52
2023-06-12,Treliça,2023,6,Meio_Mes,0,37.57,34.52,223.7,159.3,1046,281
2023-06-13,Treliça,2023,6,Meio_Mes,1,38.81,35.8,207.7,165.9,877,273
2023-06-14,Treliça,2023,6,Meio_Mes,2,37.89,37.76,210.9,173.2,1295,229
2023-06-15,Treliça,2023,6,Meio_Mes,3,36.97,38.4,207.3,173.1,1445,191
2023-06-16,Treliça,2023,6,Meio_Mes,4,38.2,35.17,199.0,173.9,560,235
2023-06-17,Treliça,2023,6,Meio_Mes,5,37.9,37.0,194.4,176.7,1489,85
2023-06-18,Treliça,2023,6,Meio_Mes,6,38.82,38.71,192.3,173.2,1090,57
2023-06-19,Treliça,2023,6,Meio_Mes,0,37.33,42.6,193.0,169.2,959,167
2023-06-20,Treliça,2023,6,Meio_Mes,1,37.05,31.53,176.7,172.5,744,318
2023-06-21,Treliça,2023,6,Fim_Mes,2,37.48,43.1,183.1,181.0,712,133
2023-06-22,Treliça,2023,6,Fim_Mes,3,37.55,32.09,169.4,181.5,1313,217
2023-06-23,Treliça,2023,6,Fim_Mes,4,38.26,34.9,173.1,184.8,788,201
2023-06-24,Treliça,2023,6,Fim_Mes,5,38.57,35.93,168.3,185.2,1270,68
2023-06-25,Treliça,2023,6,Fim_Mes,6,36.76,36.78,165.9,180.6,556,54
2023-06-26,Treliça,2023,6,Fim_Mes,0,37.71,41.08,165.4,178.7,553,153
2023-06-27,Treliça,2023,6,Fim_Mes,1,38.39,44.89,163.4,182.1,996,127
2023-06-28,Treliça,2023,6,Fim_Mes,2,37.71,34.35,136.1,184.6,958,232
2023-06-29,Treliça,2023,6,Fim_Mes,3,38.54,40.73,150.3,185.0,1061,136
2023-06-30,Treliça,2023,6,Fim_Mes,4,37.84,39.09,138.7,185.3,790,151
2023-07-01,Treliça,2023,7,Inicio_Mes,5,37.83,32.29,131.6,184.1,741,131
2023-07-02,Treliça,2023,7,Inicio_Mes,6,37.72,38.4,140.6,179.6,1438,100
2023-07-03,Treliça,2023,7,Inicio_Mes,0,37.97,36.94,147.1,175.0,972,337
2023-07-04,Treliça,2023,7,Inicio_Mes,1,39.07,37.9,173.4,183.6,1400,320
2023-07-05,Treliça,2023,7,Inicio_Mes,2,39.24,38.07,201.0,192.1,706,337
2023-07-06,Treliça,2023,7,Inicio_Mes,3,38.78,35.84,216.0,190.2,690,329
2023-07-07,Treliça,2023,7,Inicio_Mes,4,39.28,36.36,243.6,192.8,1048,314
2023-07-08,Treliça,2023,7,Inicio_Mes,5,40.69,46.36,266.9,194.8,1417,63
2023-07-09,Treliça,2023,7,Inicio_Mes,6,38.78,38.42,257.1,188.6,1134,100
2023-07-10,Treliça,2023,7,Inicio_Mes,0,40.65,36.62,257.1,183.0,1178,387
2023-07-11,Treliça,2023,7,Meio_Mes,1,39.61,38.1,264.3,192.6,1246,252
2023-07-12,Treliça,2023,7,Meio_Mes,2,39.14,42.38,254.6,199.3,725,193
2023-07-13,Treliça,2023,7,Meio_Mes,3,39.71,41.45,234.0,196.3,861,197
2023-07-14,Treliça,2023,7,Meio_Mes,4,41.31,41.55,215.1,193.8,1234,202
2023-07-15,Treliça,2023,7,Meio_Mes,5,38.35,35.3,199.1,192.9,486,85
2023-07-16,Treliça,2023,7,Meio_Mes,6,40.3,44.82,202.3,189.4,698,53
2023-07-17,Treliça,2023,7,Meio_Mes,0,39.55,45.59,195.6,183.3,1243,173
2023-07-18,Treliça,2023,7,Meio_Mes,1,39.27,36.23,165.0,186.2,489,273
2023-07-19,Treliça,2023,7,Meio_Mes,2,38.95,43.22,168.0,193.4,846,195
2023-07-20,Treliça,2023,7,Meio_Mes,3,39.55,35.88,168.3,194.4,848,256
2023-07-21,Treliça,2023,7,Fim_Mes,4,38.43,42.35,176.7,192.3,584,124
2023-07-22,Treliça,2023,7,Fim_Mes,5,40.64,35.44,165.6,192.0,1497,77
2023-07-23,Treliça,2023,7,Fim_Mes,6,39.22,43.39,164.4,187.3,1123,38
2023-07-24,Treliça,2023,7,Fim_Mes,0,40.95,36.4,162.3,181.9,1379,246
2023-07-25,Treliça,2023,7,Fim_Mes,1,40.52,46.34,172.7,187.8,1236,150
2023-07-26,Treliça,2023,7,Fim_Mes,2,39.82,40.34,155.1,191.0,539,171
2023-07-27,Treliça,2023,7,Fim_Mes,3,40.18,34.49,151.7,191.6,1478,241
2023-07-28,Treliça,2023,7,Fim_Mes,4,40.24,37.24,149.6,195.4,611,203
2023-07-29,Treliça,2023,7,Fim_Mes,5,39.19,39.86,160.9,194.5,1523,53
2023-07-30,Treliça,2023,7,Fim_Mes,6,41.02,43.68,157.4,191.7,993,54
2023-07-31,Treliça,2023,7,Fim_Mes,0,40.26,45.76,159.7,188.5,794,148
2023-08-01,Treliça,2023,8,Inicio_Mes,1,41.1,47.65,145.7,189.0,537,206
2023-08-02,Treliça,2023,8,Inicio_Mes,2,38.58,40.76,153.7,192.6,1337,262
2023-08-03,Treliça,2023,8,Inicio_Mes,3,40.81,44.23,166.7,190.1,625,203
2023-08-04,Treliça,2023,8,Inicio_Mes,4,40.83,47.5,161.3,186.2,846,191
2023-08-05,Treliça,2023,8,Inicio_Mes,5,40.56,35.62,159.6,181.3,1527,117
2023-08-06,Treliça,2023,8,Inicio_Mes,6,38.83,33.85,168.7,174.2,1151,129
2023-08-07,Treliça,2023,8,Inicio_Mes,0,39.36,45.28,179.4,168.1,808,217
2023-08-08,Treliça,2023,8,Inicio_Mes,1,42.11,37.19,189.3,173.2,1486,368
2023-08-09,Treliça,2023,8,Inicio_Mes,2,40.15,39.26,212.4,182.1,1128,310
2023-08-10,Treliça,2023,8,Inicio_Mes,3,42.23,36.67,219.3,179.6,787,349
2023-08-11,Treliça,2023,8,Meio_Mes,4,40.41,42.51,240.1,182.8,645,185
2023-08-12,Treliça,2023,8,Meio_Mes,5,40.48,41.28,239.3,182.5,1115,65
2023-08-13,Treliça,2023,8,Meio_Mes,6,41.28,43.38,231.9,178.1,924,73
2023-08-14,Treliça,2023,8,Meio_Mes,0,38.87,43.84,223.9,173.8,728,166
2023-08-15,Treliça,2023,8,Meio_Mes,1,41.02,46.5,216.6,176.5,562,166
2023-08-16,Treliça,2023,8,Meio_Mes,2,40.86,42.95,187.7,180.3,776,197
2023-08-17,Treliça,2023,8,Meio_Mes,3,41.43,39.66,171.6,181.1,507,226
2023-08-18,Treliça,2023,8,Meio_Mes,4,40.29,45.34,154.0,179.5,933,157
2023-08-19,Treliça,2023,8,Meio_Mes,5,41.71,47.34,150.0,178.3,881,56
2023-08-20,Treliça,2023,8,Meio_Mes,6,41.43,41.14,148.7,171.6,687,69
2023-08-21,Treliça,2023,8,Fim_Mes,0,42.12,40.13,148.1,169.8,825,210
2023-08-22,Treliça,2023,8,Fim_Mes,1,41.94,36.45,154.4,174.2,1483,235
2023-08-23,Treliça,2023,8,Fim_Mes,2,41.34,38.19,164.3,180.8,567,209
2023-08-24,Treliça,2023,8,Fim_Mes,3,42.21,43.64,166.0,179.5,1401,144
2023-08-25,Treliça,2023,8,Fim_Mes,4,41.15,41.57,154.3,179.3,862,143
2023-08-26,Treliça,2023,8,Fim_Mes,5,41.14,43.9,152.3,178.4,690,42
2023-08-27,Treliça,2023,8,Fim_Mes,6,41.38,38.54,150.3,171.8,1201,67
2023-08-28,Treliça,2023,8,Fim_Mes,0,40.66,47.14,150.0,167.2,1275,140
2023-08-29,Treliça,2023,8,Fim_Mes,1,42.73,46.09,140.0,170.1,1119,144
2023-08-30,Treliça,2023,8,Fim_Mes,2,40.67,38.59,127.0,173.1,710,210
2023-08-31,Treliça,2023,8,Fim_Mes,3,41.21,44.01,127.1,175.2,1143,144
2023-09-01,Treliça,2023,9,Inicio_Mes,4,40.84,46.44,127.1,173.1,868,182
2023-09-02,Treliça,2023,9,Inicio_Mes,5,41.04,38.37,132.7,170.5,1089,102
2023-09-03,Treliça,2023,9,Inicio_Mes,6,39.98,41.78,141.3,167.1,819,78
2023-09-04,Treliça,2023,9,Inicio_Mes,0,41.51,44.54,142.9,163.3,865,230
2023-09-05,Treliça,2023,9,Inicio_Mes,1,42.4,49.48,155.7,167.1,753,186
2023-09-06,Treliça,2023,9,Inicio_Mes,2,41.18,40.41,161.7,169.0,1509,280
2023-09-07,Treliça,2023,9,Inicio_Mes,3,40.73,40.81,171.7,171.1,1091,241
2023-09-08,Treliça,2023,9,Inicio_Mes,4,40.65,45.7,185.6,166.9,496,166
2023-09-09,Treliça,2023,9,Inicio_Mes,5,41.94,46.7,183.3,162.1,1500,63
2023-09-10,Treliça,2023,9,Inicio_Mes,6,39.54,45.67,177.7,152.5,1317,65
2023-09-11,Treliça,2023,9,Meio_Mes,0,41.99,48.5,175.9,148.5,1249,151
2023-09-12,Treliça,2023,9,Meio_Mes,1,41.7,36.0,164.6,151.4,897,272
2023-09-13,Treliça,2023,9,Meio_Mes,2,39.65,34.0,176.9,158.0,624,277
2023-09-14,Treliça,2023,9,Meio_Mes,3,41.38,48.67,176.4,161.7,854,127
2023-09-15,Treliça,2023,9,Meio_Mes,4,40.98,37.09,160.1,160.4,1255,224
2023-09-16,Treliça,2023,9,Meio_Mes,5,40.19,45.58,168.4,161.3,1358,50
2023-09-17,Treliça,2023,9,Meio_Mes,6,40.28,41.01,166.6,155.5,1054,61
2023-09-18,Treliça,2023,9,Meio_Mes,0,40.66,39.5,166.0,152.3,529,213
2023-09-19,Treliça,2023,9,Meio_Mes,1,40.52,39.9,174.9,157.5,775,199
2023-09-20,Treliça,2023,9,Meio_Mes,2,40.4,47.62,164.4,161.8,835,137
2023-09-21,Treliça,2023,9,Fim_Mes,3,41.35,44.95,144.4,159.4,903,109
2023-09-22,Treliça,2023,9,Fim_Mes,4,40.24,40.18,141.9,155.2,1178,151
2023-09-23,Treliça,2023,9,Fim_Mes,5,40.01,40.22,131.4,153.3,819,50
2023-09-24,Treliça,2023,9,Fim_Mes,6,40.72,44.44,131.4,150.1,1548,47
2023-09-25,Treliça,2023,9,Fim_Mes,0,40.46,44.63,129.4,146.9,871,128
2023-09-26,Treliça,2023,9,Fim_Mes,1,39.53,43.9,117.3,149.8,1054,131
2023-09-27,Treliça,2023,9,Fim_Mes,2,40.62,43.13,107.6,151.9,706,134
2023-09-28,Treliça,2023,9,Fim_Mes,3,39.75,41.26,107.1,151.7,1426,130
2023-09-29,Treliça,2023,9,Fim_Mes,4,39.78,43.71,110.1,151.3,954,122
2023-09-30,Treliça,2023,9,Fim_Mes,5,39.07,37.99,106.0,148.3,1164,61
2023-10-01,Treliça,2023,10,Inicio_Mes,6,39.35,39.26,107.6,145.6,1399,81
2023-10-02,Treliça,2023,10,Inicio_Mes,0,38.99,37.31,112.4,142.2,1213,257
2023-10-03,Treliça,2023,10,Inicio_Mes,1,38.56,36.72,130.9,147.4,1451,254
2023-10-04,Treliça,2023,10,Inicio_Mes,2,39.96,34.23,148.4,153.2,1204,307
2023-10-05,Treliça,2023,10,Inicio_Mes,3,37.72,42.8,173.1,155.8,1402,146
2023-10-06,Treliça,2023,10,Inicio_Mes,4,39.36,38.23,175.4,154.5,928,211
2023-10-07,Treliça,2023,10,Inicio_Mes,5,38.84,45.1,188.1,152.2,674,57
2023-10-08,Treliça,2023,10,Inicio_Mes,6,40.16,37.48,187.6,146.0,830,93
2023-10-09,Treliça,2023,10,Inicio_Mes,0,39.5,37.86,189.3,143.6,1056,254
2023-10-10,Treliça,2023,10,Inicio_Mes,1,38.37,43.29,188.9,150.0,1255,171
2023-10-11,Treliça,2023,10,Meio_Mes,2,39.1,45.37,177.0,153.5,1078,125
2023-10-12,Treliça,2023,10,Meio_Mes,3,39.16,41.58,151.0,152.6,513,132
2023-10-13,Treliça,2023,10,Meio_Mes,4,39.23,43.65,149.0,148.0,1110,122
2023-10-14,Treliça,2023,10,Meio_Mes,5,39.0,36.8,136.3,142.8,1171,59
2023-10-15,Treliça,2023,10,Meio_Mes,6,37.88,34.78,136.6,140.5,1151,69
2023-10-16,Treliça,2023,10,Meio_Mes,0,38.36,43.18,133.1,135.4,833,128
2023-10-17,Treliça,2023,10,Meio_Mes,1,39.15,36.21,115.1,138.0,900,206
2023-10-18,Treliça,2023,10,Meio_Mes,2,39.64,45.49,120.1,142.8,1468,131
2023-10-19,Treliça,2023,10,Meio_Mes,3,37.92,32.54,121.0,140.1,894,215
2023-10-20,Treliça,2023,10,Meio_Mes,4,38.75,41.39,132.9,140.6,527,125
2023-10-21,Treliça,2023,10,Fim_Mes,5,37.96,37.68,133.3,140.2,1201,50
2023-10-22,Treliça,2023,10,Fim_Mes,6,36.99,32.24,132.0,138.2,913,45
2023-10-23,Treliça,2023,10,Fim_Mes,0,38.39,37.87,128.6,134.7,937,145
2023-10-24,Treliça,2023,10,Fim_Mes,1,38.4,36.02,131.0,137.9,955,161
2023-10-25,Treliça,2023,10,Fim_Mes,2,38.48,34.11,124.6,141.7,1157,189
2023-10-26,Treliça,2023,10,Fim_Mes,3,38.09,39.03,132.9,143.7,1426,107
2023-10-27,Treliça,2023,10,Fim_Mes,4,36.62,33.92,117.4,142.9,1424,143
2023-10-28,Treliça,2023,10,Fim_Mes,5,37.72,34.39,120.0,143.2,1315,46
2023-10-29,Treliça,2023,10,Fim_Mes,6,36.2,35.08,119.4,140.4,1400,45
2023-10-30,Treliça,2023,10,Fim_Mes,0,39.19,44.91,119.4,137.8,1453,105
2023-10-31,Treliça,2023,10,Fim_Mes,1,38.05,32.65,113.7,139.3,886,190
2023-11-01,Treliça,2023,11,Inicio_Mes,2,37.5,35.25,117.9,142.9,806,218
2023-11-02,Treliça,2023,11,Inicio_Mes,3,36.81,40.12,122.0,141.6,1446,150
2023-11-03,Treliça,2023,11,Inicio_Mes,4,36.81,42.62,128.1,138.2,765,121
2023-11-04,Treliça,2023,11,Inicio_Mes,5,36.83,32.99,125.0,132.0,804,77
2023-11-05,Treliça,2023,11,Inicio_Mes,6,38.12,42.68,129.4,129.7,1302,35
2023-11-06,Treliça,2023,11,Inicio_Mes,0,36.82,43.03,128.0,123.8,488,120
2023-11-07,Treliça,2023,11,Inicio_Mes,1,37.29,43.35,130.1,125.9,849,133
2023-11-08,Treliça,2023,11,Inicio_Mes,2,38.8,40.5,122.0,127.2,823,167
2023-11-09,Treliça,2023,11,Inicio_Mes,3,38.7,33.44,114.7,124.3,492,219
2023-11-10,Treliça,2023,11,Inicio_Mes,4,36.5,39.03,124.6,125.9,711,141
2023-11-11,Treliça,2023,11,Meio_Mes,5,36.26,37.38,127.4,126.5,605,41
2023-11-12,Treliça,2023,11,Meio_Mes,6,37.0,32.77,122.3,123.4,1029,61
2023-11-13,Treliça,2023,11,Meio_Mes,0,37.74,43.85,126.0,121.4,1321,101
2023-11-14,Treliça,2023,11,Meio_Mes,1,36.46,35.28,123.3,122.8,1502,171
2023-11-15,Treliça,2023,11,Meio_Mes,2,38.3,35.49,128.7,126.2,530,179
2023-11-16,Treliça,2023,11,Meio_Mes,3,37.06,36.91,130.4,127.9,603,129
2023-11-17,Treliça,2023,11,Meio_Mes,4,37.0,42.27,117.6,125.3,1268,94
2023-11-18,Treliça,2023,11,Meio_Mes,5,37.32,35.57,110.9,124.1,672,43
2023-11-19,Treliça,2023,11,Meio_Mes,6,36.9,36.22,111.1,118.4,663,55
2023-11-20,Treliça,2023,11,Meio_Mes,0,37.84,36.7,110.3,116.0,1507,152
2023-11-21,Treliça,2023,11,Fim_Mes,1,37.29,36.53,117.6,119.4,484,115
2023-11-22,Treliça,2023,11,Fim_Mes,2,37.6,41.88,109.6,121.8,624,78
2023-11-23,Treliça,2023,11,Fim_Mes,3,37.48,41.37,95.1,119.5,943,91
2023-11-24,Treliça,2023,11,Fim_Mes,4,36.54,34.0,89.7,117.2,1267,128
2023-11-25,Treliça,2023,11,Fim_Mes,5,37.29,36.0,94.6,115.2,1475,40
2023-11-26,Treliça,2023,11,Fim_Mes,6,36.81,42.43,94.1,112.9,966,36
2023-11-27,Treliça,2023,11,Fim_Mes,0,36.87,34.11,91.4,109.4,695,147
2023-11-28,Treliça,2023,11,Fim_Mes,1,38.24,40.14,90.7,112.7,1223,100
2023-11-29,Treliça,2023,11,Fim_Mes,2,36.93,31.93,88.6,114.6,1362,143
2023-11-30,Treliça,2023,11,Fim_Mes,3,37.05,31.63,97.9,115.8,663,140
2023-12-01,Treliça,2023,12,Inicio_Mes,4,37.98,42.16,104.9,114.2,754,120
2023-12-02,Treliça,2023,12,Inicio_Mes,5,37.68,36.04,103.7,110.9,1069,63
2023-12-03,Treliça,2023,12,Inicio_Mes,6,36.97,42.18,107.0,108.0,934,29
2023-12-04,Treliça,2023,12,Inicio_Mes,0,37.34,34.1,106.0,104.9,1107,200
2023-12-05,Treliça,2023,12,Inicio_Mes,1,35.15,31.27,113.6,109.0,930,203
2023-12-06,Treliça,2023,12,Inicio_Mes,2,35.81,41.38,128.3,114.6,885,107
2023-12-07,Treliça,2023,12,Inicio_Mes,3,37.31,40.38,123.1,114.2,760,127
2023-12-08,Treliça,2023,12,Inicio_Mes,4,37.22,41.85,121.3,114.0,874,111
2023-12-09,Treliça,2023,12,Inicio_Mes,5,37.44,31.92,120.0,112.1,993,65
2023-12-10,Treliça,2023,12,Inicio_Mes,6,37.62,44.14,120.3,107.0,981,26
2023-12-11,Treliça,2023,12,Meio_Mes,0,37.29,37.8,119.9,103.2,1484,128
2023-12-12,Treliça,2023,12,Meio_Mes,1,37.46,35.5,109.6,106.1,1068,139
2023-12-13,Treliça,2023,12,Meio_Mes,2,37.09,37.45,100.4,108.7,1378,109
2023-12-14,Treliça,2023,12,Meio_Mes,3,37.21,31.85,100.7,108.9,1410,154
2023-12-15,Treliça,2023,12,Meio_Mes,4,37.72,32.37,104.6,108.4,911,139
2023-12-16,Treliça,2023,12,Meio_Mes,5,36.07,41.43,108.6,107.0,1418,23
2023-12-17,Treliça,2023,12,Meio_Mes,6,37.33,39.46,102.6,103.5,843,34
2023-12-18,Treliça,2023,12,Meio_Mes,0,37.43,33.46,103.7,101.5,1221,154
2023-12-19,Treliça,2023,12,Meio_Mes,1,37.91,32.96,107.4,105.2,712,160
2023-12-20,Treliça,2023,12,Meio_Mes,2,36.9,38.79,110.4,108.7,1264,113
2023-12-21,Treliça,2023,12,Fim_Mes,3,38.37,40.26,111.0,107.4,900,73
2023-12-22,Treliça,2023,12,Fim_Mes,4,39.3,35.55,99.4,106.0,914,117
2023-12-23,Treliça,2023,12,Fim_Mes,5,36.91,40.64,96.3,107.3,1001,13
2023-12-24,Treliça,2023,12,Fim_Mes,6,37.68,37.2,94.9,104.7,1329,34
2023-12-25,Treliça,2023,12,Fim_Mes,0,39.43,34.21,94.9,101.6,910,144
2023-12-26,Treliça,2023,12,Fim_Mes,1,38.44,41.25,93.4,105.0,848,81
2023-12-27,Treliça,2023,12,Fim_Mes,2,38.9,44.4,82.1,106.5,653,72
2023-12-28,Treliça,2023,12,Fim_Mes,3,37.02,31.98,76.3,104.0,1126,107
2023-12-29,Treliça,2023,12,Fim_Mes,4,37.8,41.36,81.1,104.3,1157,77
2023-12-30,Treliça,2023,12,Fim_Mes,5,37.35,40.49,75.4,102.1,1402,24
2023-12-31,Treliça,2023,12,Fim_Mes,6,39.38,34.91,77.0,98.2,1385,43
2024-01-01,Treliça,2024,1,Inicio_Mes,0,41.35,48.4,78.3,95.6,570,104
2024-01-02,Treliça,2024,1,Inicio_Mes,1,40.77,46.85,72.6,97.0,1026,104
2024-01-03,Treliça,2024,1,Inicio_Mes,2,41.28,46.43,75.9,99.5,611,117
2024-01-04,Treliça,2024,1,Inicio_Mes,3,39.97,39.92,82.3,96.7,937,140
2024-01-05,Treliça,2024,1,Inicio_Mes,4,40.66,41.92,87.0,94.6,1509,122
2024-01-06,Treliça,2024,1,Inicio_Mes,5,40.63,45.43,93.4,95.1,1213,31
2024-01-07,Treliça,2024,1,Inicio_Mes,6,41.23,46.76,94.4,91.9,1367,49
2024-01-08,Treliça,2024,1,Inicio_Mes,0,39.06,44.41,95.3,89.9,946,106
2024-01-09,Treliça,2024,1,Inicio_Mes,1,39.87,33.94,95.6,91.2,1015,211
2024-01-10,Treliça,2024,1,Inicio_Mes,2,40.64,38.25,110.9,97.4,959,166
2024-01-11,Treliça,2024,1,Meio_Mes,3,40.3,44.65,117.9,98.7,643,75
2024-01-12,Treliça,2024,1,Meio_Mes,4,41.11,44.17,108.6,96.5,1355,87
2024-01-13,Treliça,2024,1,Meio_Mes,5,40.4,46.27,103.6,95.8,1252,23
2024-01-14,Treliça,2024,1,Meio_Mes,6,41.84,41.28,102.4,91.4,528,45
2024-01-15,Treliça,2024,1,Meio_Mes,0,41.32,41.57,101.9,88.3,1451,120
2024-01-16,Treliça,2024,1,Meio_Mes,1,39.82,45.32,103.9,91.5,1340,77
2024-01-17,Treliça,2024,1,Meio_Mes,2,40.02,36.86,84.7,93.0,1188,136
2024-01-18,Treliça,2024,1,Meio_Mes,3,41.87,48.72,80.4,92.4,1350,67
2024-01-19,Treliça,2024,1,Meio_Mes,4,42.06,40.63,79.3,89.3,660,104
2024-01-20,Treliça,2024,1,Meio_Mes,5,41.03,47.11,81.7,89.0,738,24
2024-01-21,Treliça,2024,1,Fim_Mes,6,41.03,47.3,81.9,87.3,630,20
2024-01-22,Treliça,2024,1,Fim_Mes,0,39.85,34.73,78.3,84.1,533,121
2024-01-23,Treliça,2024,1,Fim_Mes,1,41.23,39.71,78.4,87.7,931,110
2024-01-24,Treliça,2024,1,Fim_Mes,2,41.87,40.01,83.1,90.2,891,103
2024-01-25,Treliça,2024,1,Fim_Mes,3,42.68,43.06,78.4,88.9,912,88
2024-01-26,Treliça,2024,1,Fim_Mes,4,42.84,40.22,81.4,89.1,588,87
2024-01-27,Treliça,2024,1,Fim_Mes,5,40.64,34.77,79.0,89.6,1359,28
2024-01-28,Treliça,2024,1,Fim_Mes,6,42.47,37.14,79.6,87.0,668,25
2024-01-29,Treliça,2024,1,Fim_Mes,0,41.87,48.72,80.3,85.2,1558,70
2024-01-30,Treliça,2024,1,Fim_Mes,1,40.55,45.95,73.0,86.8,1558,61
2024-01-31,Treliça,2024,1,Fim_Mes,2,42.77,47.39,66.0,87.4,863,75
2024-02-01,Treliça,2024,2,Inicio_Mes,3,42.82,46.12,62.0,86.4,502,116
2024-02-02,Treliça,2024,2,Inicio_Mes,4,41.16,38.15,66.0,86.8,1457,161
2024-02-03,Treliça,2024,2,Inicio_Mes,5,42.71,43.83,76.6,88.3,715,37
2024-02-04,Treliça,2024,2,Inicio_Mes,6,41.6,42.26,77.9,84.8,772,45
2024-02-05,Treliça,2024,2,Inicio_Mes,0,42.01,36.52,80.7,82.3,1267,216
2024-02-06,Treliça,2024,2,Inicio_Mes,1,43.05,40.56,101.6,88.4,1096,171
2024-02-07,Treliça,2024,2,Inicio_Mes,2,41.46,41.59,117.3,92.5,1481,149
2024-02-08,Treliça,2024,2,Inicio_Mes,3,42.18,37.34,127.9,93.9,853,172
2024-02-09,Treliça,2024,2,Inicio_Mes,4,42.54,49.49,135.9,92.6,1556,90
2024-02-10,Treliça,2024,2,Inicio_Mes,5,43.35,49.1,125.7,90.1,606,26
2024-02-11,Treliça,2024,2,Meio_Mes,6,41.66,38.25,124.1,88.5,914,58
2024-02-12,Treliça,2024,2,Meio_Mes,0,42.53,39.7,126.0,87.5,816,138
2024-02-13,Treliça,2024,2,Meio_Mes,1,44.63,46.32,114.9,91.3,923,110
2024-02-14,Treliça,2024,2,Meio_Mes,2,42.91,38.27,106.1,93.5,592,148
2024-02-15,Treliça,2024,2,Meio_Mes,3,41.69,39.66,106.0,94.4,993,124
2024-02-16,Treliça,2024,2,Meio_Mes,4,43.93,46.38,99.1,96.0,1175,92
2024-02-17,Treliça,2024,2,Meio_Mes,5,41.69,39.87,99.4,94.5,953,50
2024-02-18,Treliça,2024,2,Meio_Mes,6,42.19,35.94,102.9,94.0,526,56
2024-02-19,Treliça,2024,2,Meio_Mes,0,42.18,43.28,102.6,92.4,1406,113
2024-02-20,Treliça,2024,2,Meio_Mes,1,41.89,41.13,99.0,95.3,1028,132
2024-02-21,Treliça,2024,2,Fim_Mes,2,42.94,49.39,102.1,99.1,1029,73
2024-02-22,Treliça,2024,2,Fim_Mes,3,42.07,43.61,91.4,97.5,748,81
2024-02-23,Treliça,2024,2,Fim_Mes,4,44.22,41.34,85.3,96.5,536,90
2024-02-24,Treliça,2024,2,Fim_Mes,5,42.02,49.4,85.0,96.1,810,16
2024-02-25,Treliça,2024,2,Fim_Mes,6,42.76,48.45,80.1,93.7,1212,16
2024-02-26,Treliça,2024,2,Fim_Mes,0,43.09,46.79,74.4,91.3,1266,68
2024-02-27,Treliça,2024,2,Fim_Mes,1,43.34,49.28,68.0,92.6,1105,75
2024-02-28,Treliça,2024,2,Fim_Mes,2,44.23,49.54,59.9,94.3,486,66
2024-02-29,Treliça,2024,2,Fim_Mes,3,43.55,40.25,58.9,94.2,994,101
2024-03-01,Treliça,2024,3,Inicio_Mes,4,42.44,38.55,61.7,95.5,872,195
2024-03-02,Treliça,2024,3,Inicio_Mes,5,42.3,39.31,76.7,99.5,1036,67
2024-03-03,Treliça,2024,3,Inicio_Mes,6,41.49,45.63,84.0,97.9,814,51
2024-03-04,Treliça,2024,3,Inicio_Mes,0,42.84,42.58,89.0,94.2,1333,194
2024-03-05,Treliça,2024,3,Inicio_Mes,1,42.18,40.58,107.0,99.4,1490,210
2024-03-06,Treliça,2024,3,Inicio_Mes,2,43.76,48.34,126.3,104.9,1473,148
2024-03-07,Treliça,2024,3,Inicio_Mes,3,41.86,43.71,138.0,102.7,1320,150
2024-03-08,Treliça,2024,3,Inicio_Mes,4,42.63,48.71,145.0,102.0,1204,120
2024-03-09,Treliça,2024,3,Inicio_Mes,5,43.08,49.14,134.3,101.0,1298,42
2024-03-10,Treliça,2024,3,Inicio_Mes,6,41.74,42.81,130.7,96.7,865,58
2024-03-11,Treliça,2024,3,Meio_Mes,0,43.07,49.55,131.7,95.6,496,106
2024-03-12,Treliça,2024,3,Meio_Mes,1,42.19,36.99,119.1,98.3,502,186
2024-03-13,Treliça,2024,3,Meio_Mes,2,43.64,51.31,115.7,102.5,909,108
2024-03-14,Treliça,2024,3,Meio_Mes,3,43.36,48.67,110.0,101.5,1491,87
2024-03-15,Treliça,2024,3,Meio_Mes,4,42.16,44.67,101.0,100.8,1404,121
2024-03-16,Treliça,2024,3,Meio_Mes,5,41.17,37.3,101.1,99.9,480,55
2024-03-17,Treliça,2024,3,Meio_Mes,6,41.88,38.97,103.0,97.6,801,56
2024-03-18,Treliça,2024,3,Meio_Mes,0,40.64,43.59,102.7,96.4,540,129
2024-03-19,Treliça,2024,3,Meio_Mes,1,42.28,40.64,106.0,99.0,799,150
2024-03-20,Treliça,2024,3,Meio_Mes,2,41.65,36.3,100.9,102.1,1532,194
2024-03-21,Treliça,2024,3,Fim_Mes,3,41.55,44.94,113.1,104.8,1296,97
2024-03-22,Treliça,2024,3,Fim_Mes,4,42.06,41.72,114.6,103.7,491,111
2024-03-23,Treliça,2024,3,Fim_Mes,5,42.24,38.74,113.1,104.9,1473,49
2024-03-24,Treliça,2024,3,Fim_Mes,6,42.58,47.76,112.3,103.9,729,25
2024-03-25,Treliça,2024,3,Fim_Mes,0,42.59,36.26,107.9,101.7,502,153
2024-03-26,Treliça,2024,3,Fim_Mes,1,40.67,43.83,111.3,106.3,1090,96
2024-03-27,Treliça,2024,3,Fim_Mes,2,40.93,45.49,103.6,108.9,929,87
2024-03-28,Treliça,2024,3,Fim_Mes,3,41.83,36.81,88.3,109.6,619,125
2024-03-29,Treliça,2024,3,Fim_Mes,4,42.25,48.8,92.3,111.2,1372,69
2024-03-30,Treliça,2024,3,Fim_Mes,5,40.75,42.02,86.3,111.3,1259,28
2024-03-31,Treliça,2024,3,Fim_Mes,6,41.77,46.98,83.3,108.9,1394,26
2024-04-01,Treliça,2024,4,Inicio_Mes,0,41.86,42.64,83.4,103.3,1466,219
2024-04-02,Treliça,2024,4,Inicio_Mes,1,40.77,42.03,92.9,108.3,969,208
2024-04-03,Treliça,2024,4,Inicio_Mes,2,42.21,37.2,108.9,113.6,826,289
2024-04-04,Treliça,2024,4,Inicio_Mes,3,42.7,38.52,137.7,116.7,1409,238
2024-04-05,Treliça,2024,4,Inicio_Mes,4,42.05,42.23,153.9,117.7,777,197
2024-04-06,Treliça,2024,4,Inicio_Mes,5,40.53,39.69,172.1,119.3,1116,77
2024-04-07,Treliça,2024,4,Inicio_Mes,6,40.6,44.89,179.1,116.9,1502,54
2024-04-08,Treliça,2024,4,Inicio_Mes,0,40.88,47.41,183.1,114.7,822,165
2024-04-09,Treliça,2024,4,Inicio_Mes,1,40.61,37.77,175.4,118.8,1315,267
2024-04-10,Treliça,2024,4,Inicio_Mes,2,41.69,41.34,183.9,125.7,1419,232
2024-04-11,Treliça,2024,4,Meio_Mes,3,41.3,48.19,175.7,129.9,835,106
2024-04-12,Treliça,2024,4,Meio_Mes,4,41.36,36.15,156.9,127.3,1383,194
2024-04-13,Treliça,2024,4,Meio_Mes,5,42.02,47.57,156.4,130.1,1532,29
2024-04-14,Treliça,2024,4,Meio_Mes,6,40.23,44.14,149.6,128.2,1090,45
2024-04-15,Treliça,2024,4,Meio_Mes,0,39.21,39.83,148.3,125.7,845,165
2024-04-16,Treliça,2024,4,Meio_Mes,1,40.87,46.57,148.3,129.3,1067,140
2024-04-17,Treliça,2024,4,Meio_Mes,2,41.06,42.45,130.1,132.1,703,159
2024-04-18,Treliça,2024,4,Meio_Mes,3,39.31,44.37,119.7,133.1,969,125
2024-04-19,Treliça,2024,4,Meio_Mes,4,40.06,39.29,122.4,132.3,1541,163
2024-04-20,Treliça,2024,4,Meio_Mes,5,40.03,37.69,118.0,131.3,836,66
2024-04-21,Treliça,2024,4,Fim_Mes,6,41.33,45.35,123.3,130.2,1030,41
2024-04-22,Treliça,2024,4,Fim_Mes,0,40.03,35.66,122.7,127.9,1089,187
2024-04-23,Treliça,2024,4,Fim_Mes,1,41.69,48.24,125.9,132.5,942,106
2024-04-24,Treliça,2024,4,Fim_Mes,2,39.79,39.91,121.0,135.2,928,145
2024-04-25,Treliça,2024,4,Fim_Mes,3,40.85,37.28,119.0,134.9,1071,148
2024-04-26,Treliça,2024,4,Fim_Mes,4,41.49,35.97,122.3,136.7,707,173
2024-04-27,Treliça,2024,4,Fim_Mes,5,39.76,42.03,123.7,139.5,1091,37
2024-04-28,Treliça,2024,4,Fim_Mes,6,40.64,38.21,119.6,136.6,744,66
2024-04-29,Treliça,2024,4,Fim_Mes,0,38.83,35.28,123.1,136.5,1422,174
2024-04-30,Treliça,2024,4,Fim_Mes,1,40.4,39.76,121.3,141.4,762,153
2024-05-01,Treliça,2024,5,Inicio_Mes,2,40.34,44.39,128.0,145.6,800,211
2024-05-02,Treliça,2024,5,Inicio_Mes,3,38.57,34.2,137.4,145.3,1260,300
2024-05-03,Treliça,2024,5,Inicio_Mes,4,40.2,47.38,159.1,148.4,562,153
2024-05-04,Treliça,2024,5,Inicio_Mes,5,40.65,45.14,156.3,143.9,1300,66
2024-05-05,Treliça,2024,5,Inicio_Mes,6,38.94,40.74,160.4,138.1,1531,63
2024-05-06,Treliça,2024,5,Inicio_Mes,0,39.85,37.41,160.0,133.7,1548,304
2024-05-07,Treliça,2024,5,Inicio_Mes,1,38.99,41.03,178.6,141.2,774,252
2024-05-08,Treliça,2024,5,Inicio_Mes,2,38.82,34.46,192.7,147.8,855,340
2024-05-09,Treliça,2024,5,Inicio_Mes,3,39.7,35.09,211.1,153.7,1400,313
2024-05-10,Treliça,2024,5,Inicio_Mes,4,39.57,42.39,213.0,155.2,669,201
2024-05-11,Treliça,2024,5,Meio_Mes,5,40.9,35.15,219.9,154.2,496,84
2024-05-12,Treliça,2024,5,Meio_Mes,6,38.79,38.47,222.4,153.4,1006,63
2024-05-13,Treliça,2024,5,Meio_Mes,0,39.39,41.23,222.4,149.1,798,179
2024-05-14,Treliça,2024,5,Meio_Mes,1,38.14,37.16,204.6,154.1,1158,215
2024-05-15,Treliça,2024,5,Meio_Mes,2,37.73,36.35,199.3,159.7,1143,225
2024-05-16,Treliça,2024,5,Meio_Mes,3,39.27,40.55,182.9,161.7,871,172
2024-05-17,Treliça,2024,5,Meio_Mes,4,39.61,34.18,162.7,162.8,1547,242
2024-05-18,Treliça,2024,5,Meio_Mes,5,39.88,34.4,168.6,165.6,1133,97
2024-05-19,Treliça,2024,5,Meio_Mes,6,38.04,35.82,170.4,164.6,1441,75
2024-05-20,Treliça,2024,5,Meio_Mes,0,37.02,32.35,172.1,161.7,1251,280
2024-05-21,Treliça,2024,5,Fim_Mes,1,39.47,40.2,186.6,168.8,948,169
2024-05-22,Treliça,2024,5,Fim_Mes,2,37.59,43.63,180.0,173.1,1115,119
2024-05-23,Treliça,2024,5,Fim_Mes,3,38.32,42.76,164.9,170.8,654,98
2024-05-24,Treliça,2024,5,Fim_Mes,4,39.53,37.72,154.3,170.6,1335,152
2024-05-25,Treliça,2024,5,Fim_Mes,5,38.98,34.01,141.4,170.8,493,64
2024-05-26,Treliça,2024,5,Fim_Mes,6,38.82,37.5,136.7,168.0,731,63
2024-05-27,Treliça,2024,5,Fim_Mes,0,38.8,45.68,135.0,164.3,1541,128
2024-05-28,Treliça,2024,5,Fim_Mes,1,37.94,38.4,113.3,167.4,1217,174
2024-05-29,Treliça,2024,5,Fim_Mes,2,38.39,33.59,114.0,171.0,559,209
2024-05-30,Treliça,2024,5,Fim_Mes,3,38.56,42.76,126.9,172.1,1004,104
2024-05-31,Treliça,2024,5,Fim_Mes,4,38.12,39.32,127.7,170.5,772,133
2024-06-01,Treliça,2024,6,Inicio_Mes,5,38.82,34.42,125.0,167.9,709,122
2024-06-02,Treliça,2024,6,Inicio_Mes,6,39.01,43.09,133.3,162.0,1450,75
2024-06-03,Treliça,2024,6,Inicio_Mes,0,39.52,43.71,135.0,159.4,1057,240
2024-06-04,Treliça,2024,6,Inicio_Mes,1,38.95,37.15,151.0,165.2,1085,337
2024-06-05,Treliça,2024,6,Inicio_Mes,2,39.67,46.57,174.3,174.3,923,203
2024-06-06,Treliça,2024,6,Inicio_Mes,3,38.34,42.42,173.4,170.9,881,208
2024-06-07,Treliça,2024,6,Inicio_Mes,4,38.54,40.53,188.3,169.5,608,228
2024-06-08,Treliça,2024,6,Inicio_Mes,5,38.79,37.19,201.9,165.7,902,107
2024-06-09,Treliça,2024,6,Inicio_Mes,6,39.16,41.97,199.7,158.9,900,91
2024-06-10,Treliça,2024,6,Inicio_Mes,0,38.9,35.81,202.0,155.2,931,353
2024-06-11,Treliça,2024,6,Meio_Mes,1,39.49,43.52,218.1,164.2,795,177
2024-06-12,Treliça,2024,6,Meio_Mes,2,37.18,43.73,195.3,168.0,987,144
2024-06-13,Treliça,2024,6,Meio_Mes,3,39.13,39.6,186.9,166.8,1127,193
2024-06-14,Treliça,2024,6,Meio_Mes,4,38.57,44.8,184.7,166.1,1116,135
2024-06-15,Treliça,2024,6,Meio_Mes,5,39.76,45.74,171.4,163.1,775,42
2024-06-16,Treliça,2024,6,Meio_Mes,6,39.29,35.63,162.1,158.7,1257,90
2024-06-17,Treliça,2024,6,Meio_Mes,0,40.11,38.74,162.0,153.7,818,253
2024-06-18,Treliça,2024,6,Meio_Mes,1,38.03,37.59,147.7,158.9,683,238
2024-06-19,Treliça,2024,6,Meio_Mes,2,39.28,35.21,156.4,164.3,1114,286
2024-06-20,Treliça,2024,6,Meio_Mes,3,39.43,43.71,176.7,164.5,601,152
2024-06-21,Treliça,2024,6,Fim_Mes,4,39.07,44.59,170.9,163.9,1513,118
2024-06-22,Treliça,2024,6,Fim_Mes,5,38.42,35.04,168.4,163.9,1020,69
2024-06-23,Treliça,2024,6,Fim_Mes,6,38.69,41.31,172.3,162.9,829,53
2024-06-24,Treliça,2024,6,Fim_Mes,0,40.14,40.3,167.0,159.6,1356,172
2024-06-25,Treliça,2024,6,Fim_Mes,1,39.5,34.41,155.4,163.2,689,238
2024-06-26,Treliça,2024,6,Fim_Mes,2,39.96,37.3,155.4,169.1,833,214
2024-06-27,Treliça,2024,6,Fim_Mes,3,38.07,42.55,145.1,171.9,1315,125
2024-06-28,Treliça,2024,6,Fim_Mes,4,39.21,43.35,141.3,170.3,844,119
2024-06-29,Treliça,2024,6,Fim_Mes,5,38.96,40.94,141.4,167.3,644,53
2024-06-30,Treliça,2024,6,Fim_Mes,6,39.04,36.81,139.1,165.6,1388,74
2024-07-01,Treliça,2024,7,Inicio_Mes,0,39.36,38.26,142.1,163.6,787,322
2024-07-02,Treliça,2024,7,Inicio_Mes,1,39.68,34.57,163.6,170.3,1251,410
2024-07-03,Treliça,2024,7,Inicio_Mes,2,40.34,38.45,188.1,181.5,1100,341
2024-07-04,Treliça,2024,7,Inicio_Mes,3,36.45,36.47,206.3,184.8,702,271
2024-07-05,Treliça,2024,7,Inicio_Mes,4,39.45,46.01,227.1,182.6,761,198
2024-07-06,Treliça,2024,7,Inicio_Mes,5,40.08,42.84,238.4,182.5,1420,86
2024-07-07,Treliça,2024,7,Inicio_Mes,6,39.44,41.33,243.1,178.4,648,95
2024-07-08,Treliça,2024,7,Inicio_Mes,0,38.62,42.31,246.1,174.0,1050,250
2024-07-09,Treliça,2024,7,Inicio_Mes,1,38.67,45.61,235.9,178.7,557,200
2024-07-10,Treliça,2024,7,Inicio_Mes,2,40.67,37.44,205.9,182.4,1529,368
2024-07-11,Treliça,2024,7,Meio_Mes,3,40.22,44.55,209.7,182.9,876,157
2024-07-12,Treliça,2024,7,Meio_Mes,4,40.09,36.07,193.4,182.2,983,262
2024-07-13,Treliça,2024,7,Meio_Mes,5,40.96,41.02,202.6,186.1,1121,79
2024-07-14,Treliça,2024,7,Meio_Mes,6,40.94,48.12,201.6,182.3,532,41
2024-07-15,Treliça,2024,7,Meio_Mes,0,40.46,37.76,193.9,179.2,1511,280
2024-07-16,Treliça,2024,7,Meio_Mes,1,38.72,35.23,198.1,187.1,744,286
2024-07-17,Treliça,2024,7,Meio_Mes,2,40.78,46.95,210.4,193.7,730,177
2024-07-18,Treliça,2024,7,Meio_Mes,3,40.63,43.85,183.1,191.1,813,174
2024-07-19,Treliça,2024,7,Meio_Mes,4,40.84,34.92,185.6,189.0,1362,289
2024-07-20,Treliça,2024,7,Meio_Mes,5,40.02,37.01,189.4,189.1,986,86
2024-07-21,Treliça,2024,7,Fim_Mes,6,39.37,35.7,190.4,186.9,1303,70
2024-07-22,Treliça,2024,7,Fim_Mes,0,39.98,36.85,194.6,185.3,627,217
2024-07-23,Treliça,2024,7,Fim_Mes,1,42.64,46.17,185.6,190.2,1214,165
2024-07-24,Treliça,2024,7,Fim_Mes,2,40.13,43.14,168.3,194.0,857,152
2024-07-25,Treliça,2024,7,Fim_Mes,3,40.56,38.12,164.7,193.3,575,179
2024-07-26,Treliça,2024,7,Fim_Mes,4,41.29,38.09,165.4,191.3,549,196
2024-07-27,Treliça,2024,7,Fim_Mes,5,40.47,39.65,152.1,190.7,549,67
2024-07-28,Treliça,2024,7,Fim_Mes,6,41.77,46.59,149.4,188.8,703,42
2024-07-29,Treliça,2024,7,Fim_Mes,0,40.57,35.48,145.4,186.2,1551,246
2024-07-30,Treliça,2024,7,Fim_Mes,1,41.79,46.08,149.6,192.7,1387,165
2024-07-31,Treliça,2024,7,Fim_Mes,2,41.83,40.74,149.6,195.7,1541,193
2024-08-01,Treliça,2024,8,Inicio_Mes,3,41.72,38.24,155.4,191.4,1413,314
2024-08-02,Treliça,2024,8,Inicio_Mes,4,41.57,46.21,174.7,188.2,947,195
2024-08-03,Treliça,2024,8,Inicio_Mes,5,41.84,41.44,174.6,183.3,1132,97
2024-08-04,Treliça,2024,8,Inicio_Mes,6,40.74,34.85,178.9,177.5,1119,142
2024-08-05,Treliça,2024,8,Inicio_Mes,0,40.73,37.2,193.1,175.7,1185,362
2024-08-06,Treliça,2024,8,Inicio_Mes,1,41.64,37.45,209.7,184.9,1106,368
2024-08-07,Treliça,2024,8,Inicio_Mes,2,42.83,40.01,238.7,194.0,576,345
2024-08-08,Treliça,2024,8,Inicio_Mes,3,41.76,48.53,260.4,197.1,715,177
2024-08-09,Treliça,2024,8,Inicio_Mes,4,41.56,43.63,240.9,196.4,1214,232
2024-08-10,Treliça,2024,8,Inicio_Mes,5,42.73,43.18,246.1,191.8,625,95
2024-08-11,Treliça,2024,8,Meio_Mes,6,42.81,45.05,245.9,189.8,1053,56
2024-08-12,Treliça,2024,8,Meio_Mes,0,42.94,48.99,233.6,182.9,1112,177
2024-08-13,Treliça,2024,8,Meio_Mes,1,41.54,44.61,207.1,186.2,1454,199
2024-08-14,Treliça,2024,8,Meio_Mes,2,43.23,47.09,183.0,191.4,544,180
2024-08-15,Treliça,2024,8,Meio_Mes,3,41.37,48.37,159.4,188.1,1356,140
2024-08-16,Treliça,2024,8,Meio_Mes,4,40.85,35.19,154.1,183.2,1064,280
2024-08-17,Treliça,2024,8,Meio_Mes,5,41.61,46.38,161.0,186.7,1468,55
2024-08-18,Treliça,2024,8,Meio_Mes,6,42.89,39.52,155.3,182.7,764,90
2024-08-19,Treliça,2024,8,Meio_Mes,0,42.9,49.88,160.1,176.1,1254,154
2024-08-20,Treliça,2024,8,Meio_Mes,1,42.65,41.71,156.9,178.3,939,245
2024-08-21,Treliça,2024,8,Fim_Mes,2,41.97,43.32,163.4,184.2,1082,183
2024-08-22,Treliça,2024,8,Fim_Mes,3,42.31,42.54,163.9,183.0,899,146
2024-08-23,Treliça,2024,8,Fim_Mes,4,42.33,44.41,164.7,182.4,1447,153
2024-08-24,Treliça,2024,8,Fim_Mes,5,41.8,48.07,146.6,182.4,1181,35
2024-08-25,Treliça,2024,8,Fim_Mes,6,42.86,46.83,143.7,177.6,1408,40
2024-08-26,Treliça,2024,8,Fim_Mes,0,41.7,40.38,136.6,172.4,1467,190
2024-08-27,Treliça,2024,8,Fim_Mes,1,43.88,44.4,141.7,176.5,511,177
2024-08-28,Treliça,2024,8,Fim_Mes,2,42.66,46.38,132.0,181.0,712,145
2024-08-29,Treliça,2024,8,Fim_Mes,3,43.31,42.7,126.6,177.7,1286,170
2024-08-30,Treliça,2024,8,Fim_Mes,4,44.0,48.49,130.0,177.8,1551,122
2024-08-31,Treliça,2024,8,Fim_Mes,5,41.82,37.83,125.6,175.5,700,59
2024-09-01,Treliça,2024,9,Inicio_Mes,6,43.08,42.23,129.0,167.0,674,91
2024-09-02,Treliça,2024,9,Inicio_Mes,0,42.36,40.07,136.3,163.5,732,288
2024-09-03,Treliça,2024,9,Inicio_Mes,1,43.83,41.11,150.3,169.9,1131,308
2024-09-04,Treliça,2024,9,Inicio_Mes,2,43.64,43.51,169.0,175.4,854,278
2024-09-05,Treliça,2024,9,Inicio_Mes,3,43.07,41.18,188.0,172.6,591,261
2024-09-06,Treliça,2024,9,Inicio_Mes,4,42.18,40.54,201.0,169.0,1293,257
2024-09-07,Treliça,2024,9,Inicio_Mes,5,43.48,47.65,220.3,166.1,745,64
2024-09-08,Treliça,2024,9,Inicio_Mes,6,43.41,42.59,221.0,162.3,707,95
2024-09-09,Treliça,2024,9,Inicio_Mes,0,43.32,45.97,221.6,157.8,666,233
2024-09-10,Treliça,2024,9,Inicio_Mes,1,42.06,43.96,213.7,162.4,1272,255
2024-09-11,Treliça,2024,9,Meio_Mes,2,43.73,47.59,206.1,169.0,1144,170
2024-09-12,Treliça,2024,9,Meio_Mes,3,42.81,49.61,190.7,168.8,627,125
2024-09-13,Treliça,2024,9,Meio_Mes,4,41.21,45.29,171.3,166.3,1259,145
2024-09-14,Treliça,2024,9,Meio_Mes,5,42.98,43.01,155.3,165.1,834,62
2024-09-15,Treliça,2024,9,Meio_Mes,6,42.3,45.19,155.0,162.5,1074,54
2024-09-16,Treliça,2024,9,Meio_Mes,0,42.63,46.25,149.1,155.0,543,166
2024-09-17,Treliça,2024,9,Meio_Mes,1,41.83,48.03,139.6,158.7,1459,149
2024-09-18,Treliça,2024,9,Meio_Mes,2,42.84,47.89,124.4,160.7,1374,160
2024-09-19,Treliça,2024,9,Meio_Mes,3,41.0,37.8,123.0,160.9,833,219
2024-09-20,Treliça,2024,9,Meio_Mes,4,41.51,38.83,136.4,160.0,985,212
2024-09-21,Treliça,2024,9,Fim_Mes,5,42.76,49.37,146.0,161.0,1287,27
2024-09-22,Treliça,2024,9,Fim_Mes,6,43.06,43.53,141.0,157.0,681,64
2024-09-23,Treliça,2024,9,Fim_Mes,0,42.08,37.04,142.4,154.0,1290,217
2024-09-24,Treliça,2024,9,Fim_Mes,1,41.9,36.01,149.7,160.1,628,215
2024-09-25,Treliça,2024,9,Fim_Mes,2,43.02,41.87,159.1,165.9,1424,178
2024-09-26,Treliça,2024,9,Fim_Mes,3,41.64,37.47,161.7,165.5,1150,173
2024-09-27,Treliça,2024,9,Fim_Mes,4,43.63,48.05,155.1,165.4,1069,107
2024-09-28,Treliça,2024,9,Fim_Mes,5,42.57,40.39,140.1,164.1,867,60
2024-09-29,Treliça,2024,9,Fim_Mes,6,42.66,38.77,144.9,160.5,886,75
2024-09-30,Treliça,2024,9,Fim_Mes,0,39.99,36.34,146.4,158.9,1478,194
2024-10-01,Treliça,2024,10,Inicio_Mes,1,41.84,44.95,143.1,163.4,1449,204
2024-10-02,Treliça,2024,10,Inicio_Mes,2,41.56,42.77,141.6,167.2,1342,209
2024-10-03,Treliça,2024,10,Inicio_Mes,3,40.12,37.98,146.0,164.5,668,219
2024-10-04,Treliça,2024,10,Inicio_Mes,4,42.23,47.38,152.6,161.6,999,152
2024-10-05,Treliça,2024,10,Inicio_Mes,5,41.15,42.56,159.0,157.4,542,79
2024-10-06,Treliça,2024,10,Inicio_Mes,6,41.43,46.39,161.7,151.3,1370,57
2024-10-07,Treliça,2024,10,Inicio_Mes,0,40.98,41.34,159.1,144.6,1124,215
2024-10-08,Treliça,2024,10,Inicio_Mes,1,42.1,39.92,162.1,149.7,539,239
2024-10-09,Treliça,2024,10,Inicio_Mes,2,41.86,37.61,167.1,154.5,1075,265
2024-10-10,Treliça,2024,10,Inicio_Mes,3,41.68,48.26,175.1,155.5,691,134
2024-10-11,Treliça,2024,10,Meio_Mes,4,40.65,39.28,163.0,151.5,667,163
2024-10-12,Treliça,2024,10,Meio_Mes,5,40.32,38.27,164.6,151.3,1189,50
2024-10-13,Treliça,2024,10,Meio_Mes,6,41.08,37.53,160.4,148.8,772,73
2024-10-14,Treliça,2024,10,Meio_Mes,0,41.34,41.35,162.7,146.4,641,182
2024-10-15,Treliça,2024,10,Meio_Mes,1,39.68,46.08,158.0,150.4,1434,120
2024-10-16,Treliça,2024,10,Meio_Mes,2,41.05,37.94,141.0,152.6,923,201
2024-10-17,Treliça,2024,10,Meio_Mes,3,41.02,39.39,131.9,153.7,704,175
2024-10-18,Treliça,2024,10,Meio_Mes,4,41.3,41.48,137.7,154.6,714,161
2024-10-19,Treliça,2024,10,Meio_Mes,5,41.05,41.94,137.4,154.6,912,53
2024-10-20,Treliça,2024,10,Meio_Mes,6,41.99,40.4,137.9,149.1,673,61
2024-10-21,Treliça,2024,10,Fim_Mes,0,42.13,45.72,136.1,144.1,1432,122
2024-10-22,Treliça,2024,10,Fim_Mes,1,40.08,46.74,127.6,147.2,949,96
2024-10-23,Treliça,2024,10,Fim_Mes,2,41.78,43.05,124.1,148.3,701,138
2024-10-24,Treliça,2024,10,Fim_Mes,3,41.08,42.41,115.1,145.7,1007,119
2024-10-25,Treliça,2024,10,Fim_Mes,4,39.38,45.87,107.1,142.5,1326,78
2024-10-26,Treliça,2024,10,Fim_Mes,5,40.54,36.7,95.3,139.1,1536,70
2024-10-27,Treliça,2024,10,Fim_Mes,6,39.6,40.11,97.7,135.7,1423,42
2024-10-28,Treliça,2024,10,Fim_Mes,0,39.94,34.46,95.0,133.5,1395,193
2024-10-29,Treliça,2024,10,Fim_Mes,1,40.37,41.97,105.1,138.0,1358,136
2024-10-30,Treliça,2024,10,Fim_Mes,2,40.32,41.63,110.9,140.0,1525,132
2024-10-31,Treliça,2024,10,Fim_Mes,3,40.02,39.14,110.0,137.9,1142,138
2024-11-01,Treliça,2024,11,Inicio_Mes,4,39.96,45.45,112.7,135.7,710,117
2024-11-02,Treliça,2024,11,Inicio_Mes,5,40.44,40.09,118.3,132.7,867,60
2024-11-03,Treliça,2024,11,Inicio_Mes,6,40.56,42.94,116.9,127.4,1344,34
2024-11-04,Treliça,2024,11,Inicio_Mes,0,40.84,41.91,115.7,123.4,845,176
2024-11-05,Treliça,2024,11,Inicio_Mes,1,40.74,42.13,113.3,126.7,541,177
2024-11-06,Treliça,2024,11,Inicio_Mes,2,39.22,36.99,119.1,130.7,1207,207
2024-11-07,Treliça,2024,11,Inicio_Mes,3,38.86,39.8,129.9,130.4,713,148
2024-11-08,Treliça,2024,11,Inicio_Mes,4,40.48,42.63,131.3,127.4,795,145
2024-11-09,Treliça,2024,11,Inicio_Mes,5,40.85,47.84,135.3,123.4,1444,37
2024-11-10,Treliça,2024,11,Inicio_Mes,6,39.03,33.96,132.0,120.1,736,83
2024-11-11,Treliça,2024,11,Meio_Mes,0,40.69,42.97,139.0,117.5,736,124
2024-11-12,Treliça,2024,11,Meio_Mes,1,39.96,44.71,131.6,119.9,829,111
2024-11-13,Treliça,2024,11,Meio_Mes,2,39.69,36.14,122.1,121.2,1032,170
2024-11-14,Treliça,2024,11,Meio_Mes,3,39.77,46.21,116.9,120.8,486,84
2024-11-15,Treliça,2024,11,Meio_Mes,4,38.81,44.63,107.7,119.6,1039,91
2024-11-16,Treliça,2024,11,Meio_Mes,5,39.6,42.71,100.0,115.9,1417,38
2024-11-17,Treliça,2024,11,Meio_Mes,6,38.73,45.37,100.1,111.4,498,30
2024-11-18,Treliça,2024,11,Meio_Mes,0,38.91,33.2,92.6,107.0,1224,203
2024-11-19,Treliça,2024,11,Meio_Mes,1,38.7,40.12,103.9,112.0,1168,130
2024-11-20,Treliça,2024,11,Meio_Mes,2,38.34,44.72,106.6,114.3,1169,104
2024-11-21,Treliça,2024,11,Fim_Mes,3,39.03,38.51,97.1,113.7,1535,113
2024-11-22,Treliça,2024,11,Fim_Mes,4,39.73,46.27,101.3,114.3,1209,72
2024-11-23,Treliça,2024,11,Fim_Mes,5,38.77,33.47,98.6,112.1,696,50
2024-11-24,Treliça,2024,11,Fim_Mes,6,38.34,36.45,100.3,109.8,868,36
2024-11-25,Treliça,2024,11,Fim_Mes,0,38.07,32.89,101.1,108.4,1207,155
2024-11-26,Treliça,2024,11,Fim_Mes,1,36.85,39.04,94.3,111.2,1373,112
2024-11-27,Treliça,2024,11,Fim_Mes,2,40.29,46.92,91.7,113.5,1386,74
2024-11-28,Treliça,2024,11,Fim_Mes,3,40.25,36.56,87.4,109.6,1085,118
2024-11-29,Treliça,2024,11,Fim_Mes,4,38.71,44.75,88.1,109.0,919,75
2024-11-30,Treliça,2024,11,Fim_Mes,5,38.76,36.46,88.6,107.1,515,37
2024-12-01,Treliça,2024,12,Inicio_Mes,6,38.2,42.51,86.7,103.7,791,45
2024-12-02,Treliça,2024,12,Inicio_Mes,0,39.64,41.67,88.0,101.3,1085,130
2024-12-03,Treliça,2024,12,Inicio_Mes,1,38.84,38.19,84.4,103.6,1411,169
2024-12-04,Treliça,2024,12,Inicio_Mes,2,38.77,45.12,92.6,108.1,1155,101
2024-12-05,Treliça,2024,12,Inicio_Mes,3,39.03,43.99,96.4,105.6,1500,113
2024-12-06,Treliça,2024,12,Inicio_Mes,4,37.98,38.35,95.7,103.5,1238,133
2024-12-07,Treliça,2024,12,Inicio_Mes,5,38.77,41.85,104.0,101.0,913,42
2024-12-08,Treliça,2024,12,Inicio_Mes,6,38.18,34.59,104.7,97.5,594,54
2024-12-09,Treliça,2024,12,Inicio_Mes,0,38.24,35.09,106.0,94.5,805,176
2024-12-10,Treliça,2024,12,Inicio_Mes,1,39.11,42.44,112.6,99.1,1165,127
2024-12-11,Treliça,2024,12,Meio_Mes,2,39.25,45.92,106.6,100.6,667,82
2024-12-12,Treliça,2024,12,Meio_Mes,3,38.74,34.1,103.9,99.2,951,129
2024-12-13,Treliça,2024,12,Meio_Mes,4,39.2,37.6,106.1,99.8,1065,135
2024-12-14,Treliça,2024,12,Meio_Mes,5,38.35,33.44,106.4,98.6,1075,53
2024-12-15,Treliça,2024,12,Meio_Mes,6,38.86,42.05,108.0,97.6,698,24
2024-12-16,Treliça,2024,12,Meio_Mes,0,37.85,39.83,103.7,95.3,924,112
2024-12-17,Treliça,2024,12,Meio_Mes,1,38.07,33.77,94.6,97.8,1264,155
2024-12-18,Treliça,2024,12,Meio_Mes,2,38.84,42.19,98.6,102.0,1302,105
2024-12-19,Treliça,2024,12,Meio_Mes,3,38.6,44.46,101.9,98.7,631,75
2024-12-20,Treliça,2024,12,Meio_Mes,4,40.68,41.87,94.1,96.9,586,106
2024-12-21,Treliça,2024,12,Fim_Mes,5,38.53,37.78,90.0,96.9,683,32
2024-12-22,Treliça,2024,12,Fim_Mes,6,40.3,41.33,87.0,94.2,948,34
2024-12-23,Treliça,2024,12,Fim_Mes,0,39.75,36.67,88.4,93.0,1272,113
2024-12-24,Treliça,2024,12,Fim_Mes,1,38.51,36.51,88.6,95.1,988,120
2024-12-25,Treliça,2024,12,Fim_Mes,2,38.88,39.52,83.6,97.9,1397,94
2024-12-26,Treliça,2024,12,Fim_Mes,3,38.62,33.75,82.0,95.8,1094,121
2024-12-27,Treliça,2024,12,Fim_Mes,4,39.94,47.08,88.6,96.1,1028,59
2024-12-28,Treliça,2024,12,Fim_Mes,5,38.18,32.51,81.9,95.6,1029,40
2024-12-29,Treliça,2024,12,Fim_Mes,6,40.12,40.78,83.0,93.0,1469,32
2024-12-30,Treliça,2024,12,Fim_Mes,0,39.99,35.95,82.7,91.6,1403,125
2024-12-31,Treliça,2024,12,Fim_Mes,1,38.41,35.05,84.4,94.5,1480,122
2025-01-01,Treliça,2025,1,Inicio_Mes,2,40.84,38.94,84.7,97.1,1198,160
2025-01-02,Treliça,2025,1,Inicio_Mes,3,40.57,40.2,94.1,98.1,1540,140
2025-01-03,Treliça,2025,1,Inicio_Mes,4,41.19,40.98,96.9,97.1,732,133
2025-01-04,Treliça,2025,1,Inicio_Mes,5,42.41,37.58,107.4,98.2,772,56
2025-01-05,Treliça,2025,1,Inicio_Mes,6,41.02,46.07,109.7,96.3,506,31
2025-01-06,Treliça,2025,1,Inicio_Mes,0,41.56,38.58,109.6,92.9,1229,175
2025-01-07,Treliça,2025,1,Inicio_Mes,1,40.92,36.78,116.7,97.3,1238,183
2025-01-08,Treliça,2025,1,Inicio_Mes,2,42.04,40.4,125.4,101.6,663,169
2025-01-09,Treliça,2025,1,Inicio_Mes,3,40.88,44.58,126.7,101.4,956,125
2025-01-10,Treliça,2025,1,Inicio_Mes,4,40.32,37.09,124.6,101.3,767,148
2025-01-11,Treliça,2025,1,Meio_Mes,5,41.23,35.54,126.7,103.5,681,44
2025-01-12,Treliça,2025,1,Meio_Mes,6,40.83,43.71,125.0,100.7,1254,39
2025-01-13,Treliça,2025,1,Meio_Mes,0,42.03,36.02,126.1,97.5,1277,156
2025-01-14,Treliça,2025,1,Meio_Mes,1,41.23,37.39,123.4,100.9,1129,133
2025-01-15,Treliça,2025,1,Meio_Mes,2,40.88,42.03,116.3,104.6,1226,115
2025-01-16,Treliça,2025,1,Meio_Mes,3,42.73,47.2,108.6,104.7,549,77
2025-01-17,Treliça,2025,1,Meio_Mes,4,40.72,42.1,101.7,102.1,1513,97
2025-01-18,Treliça,2025,1,Meio_Mes,5,41.72,39.48,94.4,101.8,733,48
2025-01-19,Treliça,2025,1,Meio_Mes,6,41.14,42.43,95.0,100.9,481,33
2025-01-20,Treliça,2025,1,Meio_Mes,0,41.14,48.15,94.1,98.5,1265,73
2025-01-21,Treliça,2025,1,Fim_Mes,1,41.54,42.39,82.3,99.8,710,85
2025-01-22,Treliça,2025,1,Fim_Mes,2,43.26,45.56,75.4,101.5,1164,82
2025-01-23,Treliça,2025,1,Fim_Mes,3,42.93,49.69,70.7,100.5,1033,57
2025-01-24,Treliça,2025,1,Fim_Mes,4,42.01,38.29,67.9,98.4,1167,84
2025-01-25,Treliça,2025,1,Fim_Mes,5,41.6,38.07,66.0,98.1,998,35
2025-01-26,Treliça,2025,1,Fim_Mes,6,42.63,45.82,64.1,95.2,846,31
2025-01-27,Treliça,2025,1,Fim_Mes,0,41.24,44.02,63.9,94.3,534,92
2025-01-28,Treliça,2025,1,Fim_Mes,1,41.03,39.29,66.6,96.0,1517,99
2025-01-29,Treliça,2025,1,Fim_Mes,2,42.22,42.99,68.6,98.2,1412,81
2025-01-30,Treliça,2025,1,Fim_Mes,3,44.07,49.91,68.4,96.8,814,56
2025-01-31,Treliça,2025,1,Fim_Mes,4,41.46,46.64,68.3,94.6,527,51
2025-02-01,Treliça,2025,2,Inicio_Mes,5,43.83,45.43,63.6,90.9,951,39
2025-02-02,Treliça,2025,2,Inicio_Mes,6,41.79,41.46,64.1,87.6,1021,53
2025-02-03,Treliça,2025,2,Inicio_Mes,0,42.81,48.65,67.3,84.9,1175,121
2025-02-04,Treliça,2025,2,Inicio_Mes,1,42.78,40.0,71.4,87.1,891,188
2025-02-05,Treliça,2025,2,Inicio_Mes,2,42.07,40.18,84.1,92.3,1150,165
2025-02-06,Treliça,2025,2,Inicio_Mes,3,43.47,48.6,96.1,92.0,994,106
2025-02-07,Treliça,2025,2,Inicio_Mes,4,42.93,36.74,103.3,89.4,1148,196
2025-02-08,Treliça,2025,2,Inicio_Mes,5,45.31,51.96,124.0,90.3,1527,27
2025-02-09,Treliça,2025,2,Inicio_Mes,6,44.51,39.06,122.3,87.0,653,71
2025-02-10,Treliça,2025,2,Inicio_Mes,0,43.08,42.96,124.9,84.5,813,171
2025-02-11,Treliça,2025,2,Meio_Mes,1,42.52,44.94,132.0,88.7,667,110
2025-02-12,Treliça,2025,2,Meio_Mes,2,43.44,40.24,120.9,91.1,1440,140
2025-02-13,Treliça,2025,2,Meio_Mes,3,42.73,36.97,117.3,90.5,487,159
2025-02-14,Treliça,2025,2,Meio_Mes,4,43.3,40.61,124.9,91.4,852,107
2025-02-15,Treliça,2025,2,Meio_Mes,5,44.46,40.49,112.1,91.1,1387,50
2025-02-16,Treliça,2025,2,Meio_Mes,6,43.58,37.58,115.4,90.2,632,50
2025-02-17,Treliça,2025,2,Meio_Mes,0,43.8,38.35,112.4,88.7,1516,166
2025-02-18,Treliça,2025,2,Meio_Mes,1,44.2,51.19,111.7,92.6,717,89
2025-02-19,Treliça,2025,2,Meio_Mes,2,44.38,50.46,108.7,94.5,1340,96
2025-02-20,Treliça,2025,2,Meio_Mes,3,45.01,42.16,102.4,95.2,834,119
2025-02-21,Treliça,2025,2,Fim_Mes,4,44.2,43.28,96.7,96.4,1516,77
2025-02-22,Treliça,2025,2,Fim_Mes,5,45.05,51.01,92.4,96.2,950,19
2025-02-23,Treliça,2025,2,Fim_Mes,6,45.3,52.15,88.0,94.9,1295,18
2025-02-24,Treliça,2025,2,Fim_Mes,0,44.48,43.5,83.4,92.7,1102,101
2025-02-25,Treliça,2025,2,Fim_Mes,1,43.84,48.61,74.1,94.9,1123,80
2025-02-26,Treliça,2025,2,Fim_Mes,2,45.25,38.75,72.9,96.6,601,131
2025-02-27,Treliça,2025,2,Fim_Mes,3,45.36,48.4,77.9,97.9,1107,69
2025-02-28,Treliça,2025,2,Fim_Mes,4,45.32,42.04,70.7,96.9,957,101
2025-03-01,Treliça,2025,3,Inicio_Mes,5,44.58,41.58,74.1,97.5,840,62
2025-03-02,Treliça,2025,3,Inicio_Mes,6,43.95,38.69,80.3,97.7,1220,78
2025-03-03,Treliça,2025,3,Inicio_Mes,0,45.27,48.86,88.9,98.6,488,151
2025-03-04,Treliça,2025,3,Inicio_Mes,1,43.72,48.43,96.0,102.4,1550,150
2025-03-05,Treliça,2025,3,Inicio_Mes,2,46.07,42.77,106.0,105.6,952,222
2025-03-06,Treliça,2025,3,Inicio_Mes,3,44.23,41.47,119.0,109.0,961,191
2025-03-07,Treliça,2025,3,Inicio_Mes,4,43.71,50.54,136.4,109.1,582,126
2025-03-08,Treliça,2025,3,Inicio_Mes,5,45.66,42.22,140.0,107.8,1188,65
2025-03-09,Treliça,2025,3,Inicio_Mes,6,45.64,43.8,140.4,106.4,1120,67
2025-03-10,Treliça,2025,3,Inicio_Mes,0,45.03,49.38,138.9,102.1,1268,152
2025-03-11,Treliça,2025,3,Meio_Mes,1,44.52,44.7,139.0,106.3,1482,139
2025-03-12,Treliça,2025,3,Meio_Mes,2,43.72,43.1,137.4,108.5,742,142
2025-03-13,Treliça,2025,3,Meio_Mes,3,45.39,51.03,126.0,107.6,784,98
2025-03-14,Treliça,2025,3,Meio_Mes,4,43.75,50.4,112.7,107.2,916,92
2025-03-15,Treliça,2025,3,Meio_Mes,5,43.12,43.21,107.9,105.6,751,40
2025-03-16,Treliça,2025,3,Meio_Mes,6,45.47,51.17,104.3,101.6,808,31
2025-03-17,Treliça,2025,3,Meio_Mes,0,45.34,39.33,99.1,99.1,1440,193
2025-03-18,Treliça,2025,3,Meio_Mes,1,45.0,46.9,105.0,103.8,1077,124
2025-03-19,Treliça,2025,3,Meio_Mes,2,44.85,50.13,102.9,106.3,713,97
2025-03-20,Treliça,2025,3,Meio_Mes,3,44.03,40.17,96.4,104.0,1299,163
2025-03-21,Treliça,2025,3,Fim_Mes,4,44.4,38.68,105.7,106.5,864,129
2025-03-22,Treliça,2025,3,Fim_Mes,5,45.34,44.59,111.0,107.6,943,53
2025-03-23,Treliça,2025,3,Fim_Mes,6,44.12,51.38,112.9,105.4,1398,15
2025-03-24,Treliça,2025,3,Fim_Mes,0,44.34,45.56,110.6,103.3,1323,114
2025-03-25,Treliça,2025,3,Fim_Mes,1,44.11,51.59,99.3,106.5,1205,66
2025-03-26,Treliça,2025,3,Fim_Mes,2,44.78,42.43,91.0,108.1,503,121
2025-03-27,Treliça,2025,3,Fim_Mes,3,43.84,50.58,94.4,108.7,1429,62
2025-03-28,Treliça,2025,3,Fim_Mes,4,42.23,43.63,80.0,108.1,742,87
2025-03-29,Treliça,2025,3,Fim_Mes,5,43.7,43.96,74.0,106.7,1010,33
2025-03-30,Treliça,2025,3,Fim_Mes,6,45.37,41.98,71.1,105.5,936,37
2025-03-31,Treliça,2025,3,Fim_Mes,0,44.88,42.98,74.3,103.3,624,127
2025-04-01,Treliça,2025,4,Inicio_Mes,1,45.43,40.26,76.1,105.5,938,292
2025-04-02,Treliça,2025,4,Inicio_Mes,2,42.36,47.82,108.4,112.6,1130,170
2025-04-03,Treliça,2025,4,Inicio_Mes,3,42.02,42.61,115.4,113.3,523,182
2025-04-04,Treliça,2025,4,Inicio_Mes,4,43.75,39.26,132.6,114.3,1193,250
2025-04-05,Treliça,2025,4,Inicio_Mes,5,44.62,49.0,155.9,115.3,965,62
2025-04-06,Treliça,2025,4,Inicio_Mes,6,45.09,45.96,160.0,111.0,993,76
2025-04-07,Treliça,2025,4,Inicio_Mes,0,44.39,47.16,165.6,109.3,1141,212
2025-04-08,Treliça,2025,4,Inicio_Mes,1,44.41,45.37,177.7,114.2,1216,226
2025-04-09,Treliça,2025,4,Inicio_Mes,2,42.28,35.96,168.3,119.5,1084,314
2025-04-10,Treliça,2025,4,Inicio_Mes,3,43.88,42.53,188.9,124.9,905,215
2025-04-11,Treliça,2025,4,Meio_Mes,4,42.87,45.05,193.6,127.4,1222,143
2025-04-12,Treliça,2025,4,Meio_Mes,5,44.33,44.17,178.3,127.5,787,56
2025-04-13,Treliça,2025,4,Meio_Mes,6,43.15,50.52,177.4,126.1,1083,35
2025-04-14,Treliça,2025,4,Meio_Mes,0,44.03,44.01,171.6,124.2,820,173
2025-04-15,Treliça,2025,4,Meio_Mes,1,43.29,48.07,166.0,128.6,673,145
2025-04-16,Treliça,2025,4,Meio_Mes,2,43.43,41.09,154.4,132.4,1337,197
2025-04-17,Treliça,2025,4,Meio_Mes,3,42.63,46.97,137.7,132.5,662,122
2025-04-18,Treliça,2025,4,Meio_Mes,4,42.45,49.35,124.4,132.5,795,109
2025-04-19,Treliça,2025,4,Meio_Mes,5,42.6,49.51,119.6,132.9,1248,37
2025-04-20,Treliça,2025,4,Meio_Mes,6,42.91,43.2,116.9,128.7,598,67
2025-04-21,Treliça,2025,4,Fim_Mes,0,41.52,48.68,121.4,126.6,1340,98
2025-04-22,Treliça,2025,4,Fim_Mes,1,41.84,46.41,110.7,128.1,611,107
2025-04-23,Treliça,2025,4,Fim_Mes,2,42.24,43.67,105.3,131.2,1330,126
2025-04-24,Treliça,2025,4,Fim_Mes,3,42.17,42.31,95.1,131.6,1287,121
2025-04-25,Treliça,2025,4,Fim_Mes,4,41.99,48.82,95.0,133.4,1510,81
2025-04-26,Treliça,2025,4,Fim_Mes,5,42.04,40.45,91.0,132.1,823,44
2025-04-27,Treliça,2025,4,Fim_Mes,6,41.73,48.0,92.0,131.5,1374,36
2025-04-28,Treliça,2025,4,Fim_Mes,0,42.04,44.85,87.6,129.8,1186,119
2025-04-29,Treliça,2025,4,Fim_Mes,1,42.05,49.52,90.6,132.6,1212,90
2025-04-30,Treliça,2025,4,Fim_Mes,2,41.49,36.35,88.1,134.4,779,188
2025-05-01,Treliça,2025,5,Inicio_Mes,3,41.46,37.88,97.0,136.4,1100,279
2025-05-02,Treliça,2025,5,Inicio_Mes,4,42.92,39.09,119.6,136.0,981,282
2025-05-03,Treliça,2025,5,Inicio_Mes,5,42.0,36.47,148.3,139.7,1535,112
2025-05-04,Treliça,2025,5,Inicio_Mes,6,41.9,36.81,158.0,137.4,1119,122
2025-05-05,Treliça,2025,5,Inicio_Mes,0,41.27,42.82,170.3,133.1,1359,250
2025-05-06,Treliça,2025,5,Inicio_Mes,1,42.39,48.33,189.0,139.4,1492,201
2025-05-07,Treliça,2025,5,Inicio_Mes,2,42.94,47.7,204.9,143.6,1232,196
2025-05-08,Treliça,2025,5,Inicio_Mes,3,40.53,37.96,206.0,143.0,720,264
2025-05-09,Treliça,2025,5,Inicio_Mes,4,41.19,45.09,203.9,144.3,1228,193
2025-05-10,Treliça,2025,5,Inicio_Mes,5,40.83,43.18,191.1,140.3,1303,69
2025-05-11,Treliça,2025,5,Meio_Mes,6,41.54,47.77,185.0,135.4,1353,51
2025-05-12,Treliça,2025,5,Meio_Mes,0,41.38,46.07,174.9,132.3,617,163
2025-05-13,Treliça,2025,5,Meio_Mes,1,40.06,37.91,162.4,135.9,613,225
2025-05-14,Treliça,2025,5,Meio_Mes,2,40.5,42.3,165.9,142.2,754,182
2025-05-15,Treliça,2025,5,Meio_Mes,3,41.15,43.84,163.9,142.5,611,143
2025-05-16,Treliça,2025,5,Meio_Mes,4,40.7,47.67,146.6,142.5,908,119
2025-05-17,Treliça,2025,5,Meio_Mes,5,39.89,40.36,136.0,139.9,560,67
2025-05-18,Treliça,2025,5,Meio_Mes,6,41.02,40.26,135.7,138.0,627,64
2025-05-19,Treliça,2025,5,Meio_Mes,0,42.37,49.48,137.6,136.5,1378,133
2025-05-20,Treliça,2025,5,Meio_Mes,1,42.37,37.81,133.3,139.7,1033,259
2025-05-21,Treliça,2025,5,Fim_Mes,2,40.23,39.85,138.1,146.1,621,163
2025-05-22,Treliça,2025,5,Fim_Mes,3,40.49,41.51,135.4,148.3,638,149
2025-05-23,Treliça,2025,5,Fim_Mes,4,41.0,48.18,136.3,149.7,583,90
2025-05-24,Treliça,2025,5,Fim_Mes,5,41.32,36.11,132.1,148.5,1425,67
2025-05-25,Treliça,2025,5,Fim_Mes,6,38.59,36.75,132.1,146.7,800,63
2025-05-26,Treliça,2025,5,Fim_Mes,0,41.24,44.9,132.0,146.1,1203,133
2025-05-27,Treliça,2025,5,Fim_Mes,1,40.07,42.23,132.0,149.1,976,152
2025-05-28,Treliça,2025,5,Fim_Mes,2,39.99,42.48,116.7,152.9,1432,151
2025-05-29,Treliça,2025,5,Fim_Mes,3,39.97,40.78,115.0,154.0,853,137
2025-05-30,Treliça,2025,5,Fim_Mes,4,40.79,41.21,113.3,155.6,983,142
2025-05-31,Treliça,2025,5,Fim_Mes,5,39.83,37.19,120.7,154.0,1472,63
2025-06-01,Treliça,2025,6,Inicio_Mes,6,40.97,45.16,120.1,146.8,1387,69
2025-06-02,Treliça,2025,6,Inicio_Mes,0,40.72,42.04,121.0,139.7,1232,275
2025-06-03,Treliça,2025,6,Inicio_Mes,1,39.56,46.2,141.3,145.2,612,205
2025-06-04,Treliça,2025,6,Inicio_Mes,2,40.99,43.21,148.9,147.9,1385,259
2025-06-05,Treliça,2025,6,Inicio_Mes,3,38.35,44.26,164.3,148.2,519,184
2025-06-06,Treliça,2025,6,Inicio_Mes,4,39.97,45.17,171.0,147.7,630,198
2025-06-07,Treliça,2025,6,Inicio_Mes,5,41.09,41.35,179.0,147.7,1286,95
2025-06-08,Treliça,2025,6,Inicio_Mes,6,40.8,47.14,183.6,142.1,962,73
2025-06-09,Treliça,2025,6,Inicio_Mes,0,39.76,41.12,184.1,138.1,679,271
2025-06-10,Treliça,2025,6,Inicio_Mes,1,40.53,39.24,183.6,144.8,1445,326
2025-06-11,Treliça,2025,6,Meio_Mes,2,39.24,42.15,200.9,154.0,1304,197
2025-06-12,Treliça,2025,6,Meio_Mes,3,41.15,37.02,192.0,155.1,781,248
2025-06-13,Treliça,2025,6,Meio_Mes,4,40.18,37.32,201.1,155.9,1471,234
2025-06-14,Treliça,2025,6,Meio_Mes,5,40.11,41.14,206.3,157.6,1450,64
2025-06-15,Treliça,2025,6,Meio_Mes,6,40.08,42.62,201.9,155.0,858,58
2025-06-16,Treliça,2025,6,Meio_Mes,0,40.7,47.13,199.7,153.0,517,146
2025-06-17,Treliça,2025,6,Meio_Mes,1,40.88,47.75,181.9,155.6,1485,164
2025-06-18,Treliça,2025,6,Meio_Mes,2,40.35,37.02,158.7,158.9,1068,285
2025-06-19,Treliça,2025,6,Meio_Mes,3,40.56,45.05,171.3,164.0,690,158
2025-06-20,Treliça,2025,6,Meio_Mes,4,38.85,33.14,158.4,160.6,696,283
2025-06-21,Treliça,2025,6,Fim_Mes,5,39.54,46.13,165.4,164.6,889,34
2025-06-22,Treliça,2025,6,Fim_Mes,6,40.43,36.89,161.1,160.8,870,66
2025-06-23,Treliça,2025,6,Fim_Mes,0,40.12,46.23,162.3,160.0,1017,138
2025-06-24,Treliça,2025,6,Fim_Mes,1,41.57,36.34,161.1,162.4,576,234
2025-06-25,Treliça,2025,6,Fim_Mes,2,40.2,44.66,171.1,168.1,1469,158
2025-06-26,Treliça,2025,6,Fim_Mes,3,41.61,42.24,153.0,168.9,1540,144
2025-06-27,Treliça,2025,6,Fim_Mes,4,41.11,38.54,151.0,168.6,705,178
2025-06-28,Treliça,2025,6,Fim_Mes,5,39.96,38.59,136.0,169.5,714,68
2025-06-29,Treliça,2025,6,Fim_Mes,6,38.96,41.57,140.9,167.2,496,56
2025-06-30,Treliça,2025,6,Fim_Mes,0,41.59,47.54,139.4,164.4,744,131
2025-07-01,Treliça,2025,7,Inicio_Mes,1,41.79,39.5,138.4,166.6,921,349
2025-07-02,Treliça,2025,7,Inicio_Mes,2,39.64,34.03,154.9,176.0,645,417
2025-07-03,Treliça,2025,7,Inicio_Mes,3,40.07,36.57,191.9,180.7,844,329
2025-07-04,Treliça,2025,7,Inicio_Mes,4,39.67,42.53,218.3,184.8,1115,242
2025-07-05,Treliça,2025,7,Inicio_Mes,5,41.17,41.68,227.4,184.3,1368,93
2025-07-06,Treliça,2025,7,Inicio_Mes,6,40.94,45.21,231.0,181.2,1523,78
2025-07-07,Treliça,2025,7,Inicio_Mes,0,38.31,42.11,234.1,177.2,1430,258
2025-07-08,Treliça,2025,7,Inicio_Mes,1,40.8,45.43,252.3,182.7,707,240
2025-07-09,Treliça,2025,7,Inicio_Mes,2,39.8,38.39,236.7,188.2,1485,333
2025-07-10,Treliça,2025,7,Inicio_Mes,3,41.27,43.16,224.7,190.3,610,235
2025-07-11,Treliça,2025,7,Meio_Mes,4,41.58,37.91,211.3,187.3,1344,239
2025-07-12,Treliça,2025,7,Meio_Mes,5,40.9,44.86,210.9,188.7,784,52
2025-07-13,Treliça,2025,7,Meio_Mes,6,41.15,47.97,205.0,182.1,902,50
2025-07-14,Treliça,2025,7,Meio_Mes,0,41.55,44.84,201.0,176.0,1256,198
2025-07-15,Treliça,2025,7,Meio_Mes,1,41.59,44.81,192.4,180.5,1446,200
2025-07-16,Treliça,2025,7,Meio_Mes,2,42.2,39.91,186.7,185.2,807,272
2025-07-17,Treliça,2025,7,Meio_Mes,3,40.77,42.23,178.0,189.4,749,199
2025-07-18,Treliça,2025,7,Meio_Mes,4,41.73,38.04,172.9,190.6,1065,261
2025-07-19,Treliça,2025,7,Meio_Mes,5,40.68,39.3,176.0,189.8,548,72
2025-07-20,Treliça,2025,7,Meio_Mes,6,40.57,43.13,178.9,186.9,864,76
2025-07-21,Treliça,2025,7,Fim_Mes,0,42.62,45.94,182.6,180.0,603,164
2025-07-22,Treliça,2025,7,Fim_Mes,1,40.61,34.9,177.7,184.3,928,264
2025-07-23,Treliça,2025,7,Fim_Mes,2,40.72,44.08,186.9,190.9,813,140
2025-07-24,Treliça,2025,7,Fim_Mes,3,41.48,44.66,168.0,191.0,1093,139
2025-07-25,Treliça,2025,7,Fim_Mes,4,43.01,44.19,159.4,187.8,986,150
2025-07-26,Treliça,2025,7,Fim_Mes,5,43.88,46.86,143.6,187.6,792,53
2025-07-27,Treliça,2025,7,Fim_Mes,6,41.94,44.5,140.9,184.5,1422,52
2025-07-28,Treliça,2025,7,Fim_Mes,0,41.1,45.2,137.4,180.3,1379,149
2025-07-29,Treliça,2025,7,Fim_Mes,1,42.39,48.07,135.3,183.0,496,143
2025-07-30,Treliça,2025,7,Fim_Mes,2,41.93,42.51,118.0,185.9,990,185
2025-07-31,Treliça,2025,7,Fim_Mes,3,42.96,38.93,124.4,187.7,860,202
2025-08-01,Treliça,2025,8,Inicio_Mes,4,43.23,50.05,133.4,182.8,1426,188
2025-08-02,Treliça,2025,8,Inicio_Mes,5,43.15,37.78,138.9,175.2,758,112
2025-08-03,Treliça,2025,8,Inicio_Mes,6,42.28,48.15,147.3,168.0,854,66
2025-08-04,Treliça,2025,8,Inicio_Mes,0,40.97,41.03,149.3,162.1,1527,308
2025-08-05,Treliça,2025,8,Inicio_Mes,1,43.43,42.94,172.0,169.3,546,289
2025-08-06,Treliça,2025,8,Inicio_Mes,2,43.89,38.74,192.9,176.3,555,378
2025-08-07,Treliça,2025,8,Inicio_Mes,3,43.18,47.02,220.4,180.3,1090,210
2025-08-08,Treliça,2025,8,Inicio_Mes,4,43.71,48.21,221.6,179.3,1356,207
2025-08-09,Treliça,2025,8,Inicio_Mes,5,43.37,43.42,224.3,175.1,1413,102
2025-08-10,Treliça,2025,8,Inicio_Mes,6,43.55,42.61,222.9,170.7,608,96
2025-08-11,Treliça,2025,8,Meio_Mes,0,43.01,46.52,227.1,165.9,1545,179
2025-08-12,Treliça,2025,8,Meio_Mes,1,43.87,44.84,208.7,170.1,1062,198
2025-08-13,Treliça,2025,8,Meio_Mes,2,42.98,36.56,195.7,175.1,585,313
2025-08-14,Treliça,2025,8,Meio_Mes,3,43.52,39.93,186.4,178.9,1446,236
2025-08-15,Treliça,2025,8,Meio_Mes,4,43.25,44.04,190.1,180.1,669,193
2025-08-16,Treliça,2025,8,Meio_Mes,5,43.53,49.23,188.1,177.5,948,56
2025-08-17,Treliça,2025,8,Meio_Mes,6,43.15,37.25,181.6,172.7,1293,100
2025-08-18,Treliça,2025,8,Meio_Mes,0,44.61,49.95,182.1,167.3,1469,175
2025-08-19,Treliça,2025,8,Meio_Mes,1,43.75,39.38,181.6,170.8,568,280
2025-08-20,Treliça,2025,8,Meio_Mes,2,44.68,44.96,193.3,177.6,1375,223
2025-08-21,Treliça,2025,8,Fim_Mes,3,42.95,49.96,180.4,179.5,545,115
2025-08-22,Treliça,2025,8,Fim_Mes,4,43.48,44.13,163.1,174.6,936,160
2025-08-23,Treliça,2025,8,Fim_Mes,5,43.4,39.65,158.4,175.2,700,63
2025-08-24,Treliça,2025,8,Fim_Mes,6,43.8,48.76,159.4,172.7,1094,36
2025-08-25,Treliça,2025,8,Fim_Mes,0,44.13,47.55,150.3,168.9,1201,159
2025-08-26,Treliça,2025,8,Fim_Mes,1,45.52,39.74,148.0,172.4,1408,238
2025-08-27,Treliça,2025,8,Fim_Mes,2,43.37,47.86,142.0,178.6,493,146
2025-08-28,Treliça,2025,8,Fim_Mes,3,44.63,49.92,131.0,178.5,484,125
2025-08-29,Treliça,2025,8,Fim_Mes,4,45.67,41.16,132.4,177.9,1181,200
2025-08-30,Treliça,2025,8,Fim_Mes,5,45.92,41.24,138.1,178.4,680,70
2025-08-31,Treliça,2025,8,Fim_Mes,6,43.6,40.32,139.1,174.0,906,64
2025-09-01,Treliça,2025,9,Inicio_Mes,0,43.52,48.14,143.1,169.9,1256,225
2025-09-02,Treliça,2025,9,Inicio_Mes,1,45.21,53.15,152.6,173.7,1437,194
2025-09-03,Treliça,2025,9,Inicio_Mes,2,42.75,40.53,146.3,177.9,644,289
2025-09-04,Treliça,2025,9,Inicio_Mes,3,44.02,41.87,166.7,177.3,1518,259
2025-09-05,Treliça,2025,9,Inicio_Mes,4,44.49,43.28,185.9,176.3,974,250
2025-09-06,Treliça,2025,9,Inicio_Mes,5,43.49,39.02,193.0,172.0,1500,103
2025-09-07,Treliça,2025,9,Inicio_Mes,6,44.15,40.24,197.7,168.5,872,96
2025-09-08,Treliça,2025,9,Inicio_Mes,0,44.27,41.6,202.3,164.8,860,298
2025-09-09,Treliça,2025,9,Inicio_Mes,1,44.26,51.98,212.7,171.3,835,176
2025-09-10,Treliça,2025,9,Inicio_Mes,2,45.18,39.53,210.1,174.0,979,355
2025-09-11,Treliça,2025,9,Meio_Mes,3,44.75,49.27,219.6,179.8,1045,150
2025-09-12,Treliça,2025,9,Meio_Mes,4,44.83,42.61,204.0,178.2,518,204
2025-09-13,Treliça,2025,9,Meio_Mes,5,44.56,42.26,197.4,174.6,641,78
2025-09-14,Treliça,2025,9,Meio_Mes,6,44.75,50.07,193.9,169.3,1176,53
2025-09-15,Treliça,2025,9,Meio_Mes,0,43.25,36.88,187.7,164.7,1380,277
2025-09-16,Treliça,2025,9,Meio_Mes,1,44.66,45.39,184.7,172.0,1048,193
2025-09-17,Treliça,2025,9,Meio_Mes,2,44.4,38.66,187.1,175.1,1332,270
2025-09-18,Treliça,2025,9,Meio_Mes,3,44.05,38.03,175.0,178.3,1141,245
2025-09-19,Treliça,2025,9,Meio_Mes,4,44.22,45.68,188.6,177.1,1343,178
2025-09-20,Treliça,2025,9,Meio_Mes,5,43.31,45.58,184.9,175.6,1158,62
2025-09-21,Treliça,2025,9,Fim_Mes,6,45.06,52.71,182.6,173.9,693,46
2025-09-22,Treliça,2025,9,Fim_Mes,0,44.47,47.66,181.6,170.1,587,143
2025-09-23,Treliça,2025,9,Fim_Mes,1,45.54,49.33,162.4,172.7,523,130
2025-09-24,Treliça,2025,9,Fim_Mes,2,43.67,51.47,153.4,175.9,1449,112
2025-09-25,Treliça,2025,9,Fim_Mes,3,44.19,48.05,130.9,174.3,957,124
2025-09-26,Treliça,2025,9,Fim_Mes,4,43.27,41.39,113.6,170.5,938,168
2025-09-27,Treliça,2025,9,Fim_Mes,5,44.54,42.98,112.1,171.2,912,55
2025-09-28,Treliça,2025,9,Fim_Mes,6,44.3,45.61,111.1,168.9,1513,56
2025-09-29,Treliça,2025,9,Fim_Mes,0,44.69,43.48,112.6,164.1,881,174
2025-09-30,Treliça,2025,9,Fim_Mes,1,44.08,48.24,117.0,167.6,1311,133
2025-10-01,Treliça,2025,10,Inicio_Mes,2,44.74,46.67,117.4,169.9,712,204
2025-10-02,Treliça,2025,10,Inicio_Mes,3,44.63,51.41,130.6,169.2,1531,127
2025-10-03,Treliça,2025,10,Inicio_Mes,4,43.45,38.09,131.0,166.9,1086,258
2025-10-04,Treliça,2025,10,Inicio_Mes,5,44.08,38.54,143.9,165.9,917,94
2025-10-05,Treliça,2025,10,Inicio_Mes,6,43.54,49.51,149.4,160.4,1285,46
2025-10-06,Treliça,2025,10,Inicio_Mes,0,43.38,47.84,148.0,153.6,960,192
2025-10-07,Treliça,2025,10,Inicio_Mes,1,43.45,47.67,150.6,156.6,1454,170
2025-10-08,Treliça,2025,10,Inicio_Mes,2,43.98,37.86,155.9,159.0,985,304
2025-10-09,Treliça,2025,10,Inicio_Mes,3,43.64,50.52,170.1,159.2,1161,147
2025-10-10,Treliça,2025,10,Inicio_Mes,4,43.65,42.78,173.0,158.3,663,206
2025-10-11,Treliça,2025,10,Meio_Mes,5,40.99,47.78,165.6,153.3,948,35
2025-10-12,Treliça,2025,10,Meio_Mes,6,43.52,44.12,157.1,149.5,855,57
2025-10-13,Treliça,2025,10,Meio_Mes,0,42.27,47.46,158.7,144.6,968,125
2025-10-14,Treliça,2025,10,Meio_Mes,1,43.95,38.23,149.1,146.1,1006,233
2025-10-15,Treliça,2025,10,Meio_Mes,2,43.12,45.35,158.1,152.1,738,159
2025-10-16,Treliça,2025,10,Meio_Mes,3,43.2,41.41,137.4,148.2,1126,174
2025-10-17,Treliça,2025,10,Meio_Mes,4,42.97,42.43,141.3,147.6,861,152
2025-10-18,Treliça,2025,10,Meio_Mes,5,45.47,47.15,133.6,143.6,1186,56
2025-10-19,Treliça,2025,10,Meio_Mes,6,42.71,47.03,136.6,137.3,1398,42
2025-10-20,Treliça,2025,10,Meio_Mes,0,42.79,43.41,134.4,132.8,1055,159
2025-10-21,Treliça,2025,10,Fim_Mes,1,42.94,46.72,139.3,136.0,546,114
2025-10-22,Treliça,2025,10,Fim_Mes,2,44.24,44.19,122.3,138.3,641,139
2025-10-23,Treliça,2025,10,Fim_Mes,3,42.69,38.88,119.4,138.2,1496,160
2025-10-24,Treliça,2025,10,Fim_Mes,4,44.01,42.38,117.4,139.2,842,134
2025-10-25,Treliça,2025,10,Fim_Mes,5,42.96,38.51,114.9,139.9,717,58
2025-10-26,Treliça,2025,10,Fim_Mes,6,42.38,42.49,115.1,137.7,932,44
2025-10-27,Treliça,2025,10,Fim_Mes,0,42.28,49.65,115.4,133.6,675,103
2025-10-28,Treliça,2025,10,Fim_Mes,1,42.06,45.94,107.4,135.2,1554,116
2025-10-29,Treliça,2025,10,Fim_Mes,2,42.87,43.3,107.7,137.2,1381,146
2025-10-30,Treliça,2025,10,Fim_Mes,3,42.2,37.11,108.7,136.2,773,156
2025-10-31,Treliça,2025,10,Fim_Mes,4,43.01,47.61,108.1,137.0,1161,100
2025-11-01,Treliça,2025,11,Inicio_Mes,5,44.04,43.11,103.3,133.5,1388,64
2025-11-02,Treliça,2025,11,Inicio_Mes,6,43.4,44.57,104.1,131.4,1436,64
2025-11-03,Treliça,2025,11,Inicio_Mes,0,41.76,46.21,107.0,125.0,1012,139
2025-11-04,Treliça,2025,11,Inicio_Mes,1,41.99,40.81,112.1,126.5,1439,205
2025-11-05,Treliça,2025,11,Inicio_Mes,2,43.3,41.56,124.9,131.8,778,184
2025-11-06,Treliça,2025,11,Inicio_Mes,3,41.42,47.23,130.3,131.5,1321,124
2025-11-07,Treliça,2025,11,Inicio_Mes,4,42.55,44.63,125.7,130.0,679,141
2025-11-08,Treliça,2025,11,Inicio_Mes,5,41.44,44.79,131.6,124.5,1169,39
2025-11-09,Treliça,2025,11,Inicio_Mes,6,43.22,47.55,128.0,120.9,1147,49
2025-11-10,Treliça,2025,11,Inicio_Mes,0,41.29,47.1,125.9,115.7,1144,145
2025-11-11,Treliça,2025,11,Meio_Mes,1,41.93,38.66,126.7,119.4,1065,180
2025-11-12,Treliça,2025,11,Meio_Mes,2,42.93,43.23,123.1,123.5,1383,136
2025-11-13,Treliça,2025,11,Meio_Mes,3,42.63,39.29,116.3,123.8,1542,159
2025-11-14,Treliça,2025,11,Meio_Mes,4,41.93,40.21,121.3,121.4,1058,143
2025-11-15,Treliça,2025,11,Meio_Mes,5,41.6,37.36,121.6,120.8,1077,50
2025-11-16,Treliça,2025,11,Meio_Mes,6,40.43,41.02,123.1,116.7,1425,56
2025-11-17,Treliça,2025,11,Meio_Mes,0,41.53,37.64,124.1,113.5,519,172
2025-11-18,Treliça,2025,11,Meio_Mes,1,41.8,41.12,128.0,117.4,1422,145
2025-11-19,Treliça,2025,11,Meio_Mes,2,40.9,44.44,123.0,120.8,599,118
2025-11-20,Treliça,2025,11,Meio_Mes,3,40.74,39.27,120.4,119.4,1302,141
2025-11-21,Treliça,2025,11,Fim_Mes,4,41.02,46.09,117.9,120.3,686,80
2025-11-22,Treliça,2025,11,Fim_Mes,5,41.55,37.96,108.9,118.4,806,52
2025-11-23,Treliça,2025,11,Fim_Mes,6,40.76,37.39,109.1,114.8,1175,38
2025-11-24,Treliça,2025,11,Fim_Mes,0,42.94,49.45,106.6,111.6,1026,92
2025-11-25,Treliça,2025,11,Fim_Mes,1,39.53,37.11,95.1,112.7,540,147
2025-11-26,Treliça,2025,11,Fim_Mes,2,40.36,41.64,95.4,116.1,811,107
2025-11-27,Treliça,2025,11,Fim_Mes,3,39.88,46.17,93.9,116.3,1446,73
2025-11-28,Treliça,2025,11,Fim_Mes,4,40.3,42.41,84.1,114.8,583,82
2025-11-29,Treliça,2025,11,Fim_Mes,5,39.63,45.66,84.4,112.7,1400,21
2025-11-30,Treliça,2025,11,Fim_Mes,6,41.24,47.72,80.0,108.2,1487,44
2025-12-01,Treliça,2025,12,Inicio_Mes,0,41.04,42.22,80.9,106.3,499,138
2025-12-02,Treliça,2025,12,Inicio_Mes,1,40.3,46.11,87.4,108.8,1121,122
2025-12-03,Treliça,2025,12,Inicio_Mes,2,40.29,35.75,83.9,110.7,948,212
2025-12-04,Treliça,2025,12,Inicio_Mes,3,42.36,37.48,98.9,113.2,1550,167
2025-12-05,Treliça,2025,12,Inicio_Mes,4,39.86,40.81,112.3,111.9,1060,128
2025-12-06,Treliça,2025,12,Inicio_Mes,5,41.71,42.56,118.9,110.0,1138,46
2025-12-07,Treliça,2025,12,Inicio_Mes,6,41.25,35.3,122.4,107.4,917,71
2025-12-08,Treliça,2025,12,Inicio_Mes,0,40.21,40.27,126.3,105.1,1540,162
2025-12-09,Treliça,2025,12,Inicio_Mes,1,41.64,46.88,129.7,109.2,1277,99
2025-12-10,Treliça,2025,12,Inicio_Mes,2,41.31,47.33,126.4,110.9,1512,115
2025-12-11,Treliça,2025,12,Meio_Mes,3,40.5,40.37,112.6,109.9,1316,115
2025-12-12,Treliça,2025,12,Meio_Mes,4,40.53,35.62,105.1,107.7,1480,152
2025-12-13,Treliça,2025,12,Meio_Mes,5,38.48,40.7,108.6,108.2,1207,30
2025-12-14,Treliça,2025,12,Meio_Mes,6,40.71,38.5,106.3,103.9,681,41
2025-12-15,Treliça,2025,12,Meio_Mes,0,41.57,48.58,102.0,100.5,1354,80
2025-12-16,Treliça,2025,12,Meio_Mes,1,40.33,38.14,90.3,101.5,1374,132
2025-12-17,Treliça,2025,12,Meio_Mes,2,40.15,40.77,95.0,104.1,738,106
2025-12-18,Treliça,2025,12,Meio_Mes,3,39.11,39.01,93.7,101.9,871,123
2025-12-19,Treliça,2025,12,Meio_Mes,4,40.24,38.66,94.9,101.1,481,110
2025-12-20,Treliça,2025,12,Meio_Mes,5,39.29,38.5,88.9,100.9,622,34
2025-12-21,Treliça,2025,12,Fim_Mes,6,41.88,44.31,89.4,97.3,1348,28
2025-12-22,Treliça,2025,12,Fim_Mes,0,41.18,46.02,87.6,95.6,941,56
2025-12-23,Treliça,2025,12,Fim_Mes,1,39.76,39.28,84.1,95.7,1301,113
2025-12-24,Treliça,2025,12,Fim_Mes,2,39.82,36.79,81.4,98.2,867,108
2025-12-25,Treliça,2025,12,Fim_Mes,3,40.62,45.23,81.7,98.7,1329,57
2025-12-26,Treliça,2025,12,Fim_Mes,4,38.87,43.76,72.3,95.7,1268,76
2025-12-27,Treliça,2025,12,Fim_Mes,5,39.64,39.82,67.4,94.7,1410,35
2025-12-28,Treliça,2025,12,Fim_Mes,6,42.0,43.85,67.6,93.4,1389,29
2025-12-29,Treliça,2025,12,Fim_Mes,0,40.82,36.36,67.7,91.7,1225,112
2025-12-30,Treliça,2025,12,Fim_Mes,1,39.63,35.31,75.7,94.7,933,136
2025-12-31,Treliça,2025,12,Fim_Mes,2,40.07,39.14,79.0,97.8,1277,94
